TradingName,Date
"DA, NA, JM PARKHOUSE & AR OATEY",2018-01-02
N J & L GOLDSWORTHY,2018-01-02
D & B & A FRY,2018-01-02
T SMITH & SONS LTD,2018-01-02
MR J J G HILL,2018-01-02
R J ROSE & SON LTD,2018-01-02
A J Horsington & Son,2018-01-02
T/A: DR & VA Lawrence,2018-01-03
J C W ROGERS,2018-01-03
J W & J Holland,2018-01-03
T A Wainwright & Son,2018-01-03
HAYDON FARM PARTNERSHIP,2018-01-03
C H & P C CORBETT LTD,2018-01-03
W B MANLEY & SON,2018-01-03
T P & J H ISAAC,2018-01-03
C H FURSE & SON,2018-01-03
South West Graham,2018-01-03
F H COOKSON & SONS,2018-01-03
M W BROWN,2018-01-04
M N SHERE,2018-01-04
Dallyn's Dairy Ltd,2018-01-04
PHR FARMS,2018-01-04
PHR FARMS,2018-01-04
O PILKINGTON & SONS,2018-01-04
S G LEE & SONS,2018-01-04
COSTON HALL FARMS LTD,2018-01-04
MR & MRS W WALES,2018-01-04
M R MOSLEY,2018-01-04
T & S Farms,2018-01-04
GREYS MILKING SHEEP CO.,2018-01-04
R J & J MATKIN,2018-01-04
W R BELLINGHAM & SON,2018-01-05
O G NEAGLE,2018-01-05
A E ROSS & SON,2018-01-05
J F TEMPLE & SON LTD,2018-01-05
Jon Appleby and Joy Appleby,2018-01-05
MESSRS D HEATH & SON,2018-01-05
WEST FARMS,2018-01-05
A H BROWN (HAYLING ISLAND) LTD,2018-01-05
JETHAWK,2018-01-05
G W NEVILLE,2018-01-05
G J CARTER,2018-01-05
C THOMAS & SON,2018-01-05
Willis Dairy Farmers Ltd,2018-01-08
S S & J C DAVIES,2018-01-08
J MARROW,2018-01-08
P M & J T WILSON,2018-01-08
J H DORRINGTON & SON (DUNSBY) LTD,2018-01-08
A E ALLEN & SON,2018-01-08
Bubney Farms Ltd,2018-01-08
A R & E R JONES,2018-01-08
DAVIES BROS,2018-01-08
BARBER FARMS,2018-01-08
I NEWTON & SON,2018-01-09
Lewis Farming,2018-01-09
T/A: High Ash Farm,2018-01-09
W & J NEWHOUSE,2018-01-09
"G J, P J & S GORNALL",2018-01-09
RH & JS VICKERY,2018-01-09
J R DINSDALE & SONS,2018-01-09
N W & S E Legg & Sons,2018-01-09
D G FRANKPITT,2018-01-09
R J & K J COLE,2018-01-09
C J & N L Bright & Sons,2018-01-10
P W & S J Slade,2018-01-10
MRS E M & MR J T HUNTBACH,2018-01-10
"AA Parsons, AE Parsons &  AA Parsons",2018-01-10
BRADLEY FARM PARTNERSHIP,2018-01-10
G H & S A PARSONS Ltd,2018-01-10
MESSRS E J HODGSON & SON,2018-01-10
C GIBSON & SON,2018-01-10
MR R CORNFORTH,2018-01-10
M/S G ARMSTRONG & SON,2018-01-10
P C M & N M PUGH,2018-01-10
M C EVANS & SON,2018-01-10
P C Gwilt,2018-01-10
P C Gwilt,2018-01-10
C H & E S LUNT & SON,2018-01-10
N L Ford & Son,2018-01-10
E D Goff,2018-01-10
The Goodwood Estate Company Ltd,2018-01-10
W E Gordon & Sons,2018-01-10
W F SCOTT & SON,2018-01-10
P H Bourne & Partners,2018-01-10
D & P THOMPSON,2018-01-10
Dreamers Farm,2018-01-11
T/A: Mays Farm Ringmer,2018-01-11
T/A: Martyn Eastham and Claire Chippindale,2018-01-11
T/A: Martyn Eastham and Claire Chippindale,2018-01-11
M C Clothier Partnership,2018-01-11
M C Clothier Partnership,2018-01-11
H W OULTRAM & CO,2018-01-11
T I M & J N Frazer,2018-01-11
I P Richards,2018-01-11
E & M JONES & SONS,2018-01-11
ASTRIDGE FARM LTD,2018-01-11
P C Gwilt,2018-01-11
Richards & Co.,2018-01-11
E T James & Co,2018-01-11
D J & R L Thomas,2018-01-11
M E & I E VANSTONE & SONS,2018-01-11
D C BARTLETT,2018-01-11
R E BUGLER & PARTNERS,2018-01-12
MESSRS D J HARRISON,2018-01-12
A F W & I CARR,2018-01-12
MESSRS P & A JARMAN,2018-01-12
A J & M E MINSHALL LTD,2018-01-12
D S HARRISON,2018-01-12
W P GANGE & SON,2018-01-12
Fen Farm Dairy Limited,2018-01-12
MR T W BUSBY & SON,2018-01-12
E S Triggol Ltd,2018-01-12
T/A: The Calf at Foot Dairy,2018-01-12
Townhead Farming Ltd,2018-01-15
M/S R PUDDY & SON,2018-01-15
J W Jones & Sons,2018-01-15
P S & G M GIBSON,2018-01-15
T/A: D W Burne & Son,2018-01-15
D A & E M CLEASBY,2018-01-15
S G Habberfield & Sons,2018-01-15
Lydney Park Farms,2018-01-16
J & S HARTLEY,2018-01-16
J & C G REDMAYNE,2018-01-16
P M & J T WILSON,2018-01-16
L J BROOM & SON,2018-01-16
R H TRIVETT & SON,2018-01-16
J S MADDERS & SONS,2018-01-16
T & J JAMES,2018-01-16
A W & J BRANDRETH & SON,2018-01-16
"R, P & S MAIN",2018-01-16
F M & B GRIFFITHS,2018-01-16
P & M V & P W LLOYD,2018-01-16
MRS G LL EVANS & SONS,2018-01-16
M/s E W Hartt & Sons,2018-01-17
M E LLOYD,2018-01-17
CRAFT & SON,2018-01-17
R SUMMERSON,2018-01-17
MESSRS R J BROWN & SON,2018-01-17
ALCOCK BROS,2018-01-17
J & S Y KENYON & SONS,2018-01-17
COSTON HALL FARMS LTD,2018-01-17
W B MANLEY & SON,2018-01-17
C H & P C CORBETT LTD,2018-01-17
Cooke Partnership,2018-01-17
M & M TATTERSALL,2018-01-17
E E THORNTON & SONS,2018-01-17
T & J M FAWCETT,2018-01-17
"K, S D & J A WARD",2018-01-17
MOSLEY HALL FARMING,2018-01-17
T JOPSON & SON,2018-01-17
T/A: T M Woodcock and Partners,2018-01-17
R J & K J COLE,2018-01-18
W J ELSTON & SON,2018-01-18
M/S G F & D V BUSSELL,2018-01-18
T/A: Alex Wilson-North and Claire Wilson-North,2018-01-18
M W; D M; DJ & L J Grigg,2018-01-18
T/A: D & L Rawsthorn Farm,2018-01-19
T/A: Old Hall Farm,2018-01-19
O G NEAGLE,2018-01-19
Messrs J J & A D Turner & Sons,2018-01-19
T/A: A B Holliday,2018-01-19
H LOMAS & SON,2018-01-19
R C EAMES & SON,2018-01-19
J KEMPTHORNE & SONS,2018-01-19
MR P A & MRS J K DYMOND,2018-01-19
T/A: Parker's Agriculture,2018-01-19
J E ALSTON (UPHALL),2018-01-19
F & J GREGORY,2018-01-19
G C & R E DUROSE,2018-01-19
P G T HOOK & SON,2018-01-22
Mr G V Wellings,2018-01-22
M E LLOYD,2018-01-22
R & R A JONES,2018-01-22
D M & B A HUGHES,2018-01-22
D C  BIBBEY & SONS,2018-01-22
C Window,2018-01-22
R J & C H Lloyd,2018-01-22
CLOVERLAIT LTD,2018-01-23
D G & G N Watts,2018-01-23
T/A: Laneside Farm Partnership,2018-01-23
M G Whitwell Ltd,2018-01-23
Cloverlait Limited,2018-01-23
Cloverlait Limited,2018-01-23
T/A: H S Bourne,2018-01-23
W E HOSKEN,2018-01-23
W & J NEWHOUSE,2018-01-23
MR R D WILLIAMS,2018-01-23
MRS B THOMAS & SON,2018-01-23
H Route & Sons,2018-01-23
MR T G ELLIS,2018-01-23
MESSRS F W MADDERS & SON,2018-01-23
MESSRS A G BONSALL & SON,2018-01-23
D & S Williams & Sons,2018-01-23
D & S Williams & Sons,2018-01-23
STOTT & STOTT,2018-01-23
PERRIDGE FARM PARTNERSHIP,2018-01-23
Platt Farms Ltd,2018-01-24
O PILKINGTON & SONS,2018-01-24
T/A STOCKDALE PARTNERS,2018-01-24
D & CA HENRY,2018-01-24
Stowford Manor Farm,2018-01-24
D T Edgerton,2018-01-24
Robert Hares,2018-01-24
D & P ALLEN,2018-01-24
B N & A J & S M A HARDING,2018-01-24
A J WILLIAMS & SONS,2018-01-24
S J Palmer,2018-01-24
M/s E W Hartt & Sons,2018-01-24
B H & E J Bevan,2018-01-24
H R Warlow & Sons,2018-01-24
Mrs E J Griffiths & J C Lewis,2018-01-24
J H & S M Farmer,2018-01-24
H J MORGAN & SON,2018-01-24
R WAIN & SONS LTD,2018-01-24
C & S FITTON & SON,2018-01-24
"J, R A & P R STORER",2018-01-24
P J TIPPING & CO,2018-01-24
E & S M HALPIN,2018-01-24
MR C E VEYSEY,2018-01-24
Hedden & Sons,2018-01-24
Mr G M Hookway,2018-01-24
B H & A E Worth,2018-01-24
P W & S J Slade,2018-01-24
C & S G DIBBLE LTD,2018-01-24
C J & N L Bright & Sons,2018-01-24
Cooke Partnership,2018-01-24
T/A: R & R Knowles,2018-01-24
Ahimsa Dairy Foundation,2018-01-24
W HODGSON & PARTNERS LTD,2018-01-24
H FEARON JNR,2018-01-24
EDDON BROS,2018-01-24
A J Horsington & Son,2018-01-25
A W POMEROY & SON,2018-01-25
Norton Farm Ltd,2018-01-25
A BURNFIELD & SONS LTD,2018-01-25
A BURNFIELD & SONS LTD,2018-01-25
R W DAVEY,2018-01-25
T D PRINCE,2018-01-25
T/A  I & G E GREGSON,2018-01-26
Fen Farm Dairy Limited,2018-01-26
M J & M R POYNTON,2018-01-26
"W J, A M & D T A Davies",2018-01-26
J A Thomas,2018-01-26
W R L & F FLETCHER,2018-01-26
R W DAVEY,2018-01-26
R G Denning & Son,2018-01-26
E B & M E SYMONS,2018-01-26
N J & L GOLDSWORTHY,2018-01-26
P J TIPPING & CO,2018-01-26
W T & P FEARN,2018-01-26
K I & MRS E L MATKIN,2018-01-26
M/S L & C M HARRISON & SON,2018-01-26
T J GRINDLEY & SON,2018-01-26
Beaconhill Farm,2018-01-26
G T Allin & Sons,2018-01-26
K A POOLE & SON,2018-01-26
RM & MW Squire,2018-01-26
KR & KA Hoare,2018-01-26
T/A: J R Frayne,2018-01-26
R & W Beattie Limited,2018-01-26
W R BELLINGHAM & SON,2018-01-26
Goats R Us,2018-01-29
J R Hockenhull & Sons,2018-01-29
J W Jones & Sons,2018-01-29
J W & J Holland,2018-01-29
E D Goff,2018-01-29
M/S D B & H MILES,2018-01-30
M/S S N ELLIS & SON,2018-01-30
M/S E L NORRIS & SON,2018-01-30
MESSRS H BRANDON & SONS,2018-01-30
MR E & MRS W M MASSEY& SON,2018-01-30
S & A J Cork,2018-01-30
N D & P M AXFORD T/A,2018-01-30
Knapman Farms,2018-01-30
JP NEWELL AND SON,2018-01-30
R W DAVEY,2018-01-30
T/A: P H & D A Winter,2018-01-30
Leeson Farming Partnership,2018-01-30
T/A: Fletcher & Co,2018-01-31
Probin Farms Limited,2018-01-31
Willis Dairy Farmers Ltd,2018-01-31
S S & J C DAVIES,2018-01-31
E C TUTT & SONS,2018-01-31
D & J SOUTHERNWOOD,2018-01-31
HUTTON BROTHERS,2018-01-31
J H & S M Farmer,2018-01-31
J F & L V CORFIELD,2018-01-31
H J MORGAN & SON,2018-01-31
Backhouse Partners Limited,2018-01-31
W & R ARNEY,2018-01-31
F H EVERETT AND SON,2018-01-31
MESSRS D HEATH & SON,2018-01-31
T/A: D A Howie & Sons,2018-01-31
MESSRS M L & J M RICHARDSON & SONS,2018-01-31
GARNER & WADE,2018-02-01
D S HARRISON,2018-02-01
T/A:  J A Haigh & Sons,2018-02-01
T E & J M BAYLY & SONS,2018-02-01
E S Burroughs and Sons,2018-02-01
T/A: Longwood Farm,2018-02-01
T/A: P M & U J Deighton,2018-02-02
G W & M A PLATT & SON,2018-02-02
J A & D KIRKBY,2018-02-02
F H ROBINSON & SON,2018-02-02
DP & SJ BERRY,2018-02-02
T/A: JH & PJ Turner,2018-02-05
E W GILL AND SONS LIMITED,2018-02-05
Mr G V Wellings,2018-02-05
T A Wainwright & Son,2018-02-05
David Cholmondeley,2018-02-05
Emma's Dairy,2018-02-05
C W POTTER AND SON,2018-02-06
T CRAWFORD & CO LTD,2018-02-06
Mrs E J Griffiths & J C Lewis,2018-02-06
P C M & N M PUGH,2018-02-07
M E LLOYD,2018-02-07
MR B L & MRS K M SERCOMBE,2018-02-07
MR B L & MRS K M SERCOMBE,2018-02-07
J W & D M CAMPBELL,2018-02-07
T & J M FAWCETT,2018-02-07
MRS B M BAKER & SON,2018-02-07
A P LOWERY,2018-02-07
MESSRS BARKER,2018-02-07
D A & E M CLEASBY,2018-02-07
MESSRS WOOD & SONS,2018-02-07
W BECK & SON,2018-02-07
T/A: TE & SE Vaughan,2018-02-07
Leeson Farming Partnership,2018-02-07
T/A: Bonsalls Mercaston,2018-02-07
J E & A C Hughes CYF,2018-02-07
T/A: Wastenage Farms Limited,2018-02-07
E S Burroughs and Sons,2018-02-08
T/A: RP Granville & K J Granville,2018-02-08
JAS Agricultural (UK) Limited,2018-02-08
E.C.TUTT&SONS,2018-02-08
E & S M HALPIN,2018-02-08
T JOPSON & SON,2018-02-08
MR C E VEYSEY,2018-02-08
MR H RAW,2018-02-08
TR & EC BALL,2018-02-09
W & R E A SESSIONS,2018-02-09
T/A: J E & E M MARSHALL,2018-02-09
C THOMAS & SON,2018-02-09
T/A: Longwood Farm,2018-02-09
Christine Page,2018-02-12
S R Vickery Limited,2018-02-12
W Condell & Co.,2018-02-12
MR R D WILLIAMS,2018-02-13
MRS B THOMAS & SON,2018-02-13
J C LEES,2018-02-13
MESSRS F & E M BUXTON & PARTNERS,2018-02-13
A C MYCOCK,2018-02-13
H & E M HUNTER & SON,2018-02-13
MR A W & MRS J KING,2018-02-13
T/A: High Ash Farm,2018-02-13
MRS M ENTWISTLE & SONS,2018-02-13
M A & E J Bennett Ltd,2018-02-14
A J & G M CLIFF,2018-02-14
M E & K H Emmott,2018-02-14
M G Whitwell Ltd,2018-02-14
T/A: Laneside Farm Partnership,2018-02-14
Townhead Farming Ltd,2018-02-14
T A BLACKMORE & SON,2018-02-14
P S & G M GIBSON,2018-02-14
P S & G M GIBSON,2018-02-14
MESSRS PRESTON,2018-02-14
MRS K M & MR J A ADAMS,2018-02-14
R J & D HOLDEN,2018-02-14
D M & B A HUGHES,2018-02-14
NORTHWOOD FARMS LTD,2018-02-14
TA: Pidcock & Matkin,2018-02-14
A J WILLIAMS & SONS,2018-02-14
S M Gilman & Partners,2018-02-14
D & P ALLEN,2018-02-14
J Williams & Son,2018-02-14
Penronw Farms,2018-02-14
D E & M A BOOTH,2018-02-14
W & J NEWHOUSE,2018-02-14
N & J HELLOWELL,2018-02-14
Messrs Robinson,2018-02-14
C H & E S LUNT & SON,2018-02-14
J McKELLAR / DROINTON FARMS,2018-02-15
HOLLYPARK ORGANICS,2018-02-15
Fen Farm Dairy Limited,2018-02-15
J G & S J TANCOCK,2018-02-15
M W & D M & W M JENKIN,2018-02-15
W J GREGG,2018-02-15
"K, S D & J A WARD",2018-02-15
DP & SJ BERRY,2018-02-15
T/A: Westcott Dairy,2018-02-15
BARBER FARMS,2018-02-15
J C & S K Williams,2018-02-15
WALLIS FARMS LTD,2018-02-16
D W Meadmore & Son,2018-02-16
MESSRS S AND P MC ILVEEN AND SON,2018-02-16
ROSTON PARTNERS,2018-02-16
C F HALL,2018-02-16
REEVES FARMS LTD,2018-02-16
T/A: J E & E M MARSHALL,2018-02-16
D J FOSTER,2018-02-16
J H &  V J   TAYLOR,2018-02-16
PARK HOUSE FARMING CO LTD,2018-02-16
T I M & J N Frazer,2018-02-16
I P Richards,2018-02-16
ASTRIDGE FARM LTD,2018-02-16
T J & B E JAMES,2018-02-16
L A & S M LLOYD,2018-02-19
P J & F P Bridge,2018-02-19
AE & E Garnett Ltd,2018-02-19
BOYDELLS DAIRY FARM,2018-02-19
E R E & J Down,2018-02-19
M C & L M Pincombe Ltd,2018-02-20
D G & G N Watts,2018-02-20
"R J, G M & A J Tucker",2018-02-20
M G & J Heal,2018-02-20
NATUREMADE,2018-02-20
M H W Powell & Son,2018-02-20
J A Phillips & Son,2018-02-20
D C BENBOW,2018-02-20
T G & N DAVIES,2018-02-20
D L & G L LIGHTFOOT,2018-02-20
T W & M JONES,2018-02-21
G EMSLEY,2018-02-21
CRAFT & SON,2018-02-21
MESSRS C SMITH & SONS,2018-02-21
R G & D N PRITCHARD,2018-02-21
E OWEN A'I FEIBION,2018-02-21
K J & M E Pinches,2018-02-21
D I Jones,2018-02-21
W Plowden Farms,2018-02-21
MR R H & MRS F P HARVEY,2018-02-21
T ER & VJ BOLTON,2018-02-21
J L & K M STEPHENSON & SON,2018-02-21
R JACKSON & SONS,2018-02-21
J E WALTON & SONS,2018-02-21
MASON G R & B & SON,2018-02-21
F & M COAR & SON,2018-02-21
MESSRS WOOD & SONS,2018-02-21
MESSRS WILLIAMSON,2018-02-21
J M & A M WEAR,2018-02-21
MESSRS BARKER,2018-02-21
MESSRS M ARMSTRONG,2018-02-21
G W & M A PLATT & SON,2018-02-21
MR P A JONES,2018-02-21
P & A Wakeham,2018-02-21
J L Wotton,2018-02-21
S J & H M Freeth,2018-02-21
T/A: R Pryor and Son,2018-02-22
Trink Dairy Limited,2018-02-22
T G GWENNAP & SON,2018-02-22
MR P A & MRS J K DYMOND,2018-02-22
MR A W & MRS J KING,2018-02-22
Glabe Farm (Hollacombe) Ltd,2018-02-22
DOUGLAS PARTNERS,2018-02-22
T E BARKER & SONS,2018-02-22
M/S AR & C BOOTH,2018-02-22
T/A: J & B RICHARDS,2018-02-22
Joseph D Evans,2018-02-22
CHURCH FARM DAIRIES LTD,2018-02-23
T G & G M Morgan,2018-02-23
I F Hay,2018-02-23
M/s P F J & S M Lewis & Son,2018-02-23
K N & J WYRILL & SONS,2018-02-23
RM & MW Squire,2018-02-23
HUTTON BROTHERS,2018-02-23
Hedden & Sons,2018-02-23
M/S G F & D V BUSSELL,2018-02-23
K A POOLE & SON,2018-02-23
M/S W B BOWDEN & SONS,2018-02-23
T/A: TE & SE Vaughan,2018-02-23
MESSRS J G GARDHOUSE,2018-02-23
MESSRS D T & G YOUNG,2018-02-23
M/S L & C M HARRISON & SON,2018-02-23
R J Cookson,2018-02-23
David Cholmondeley,2018-02-26
T/A:L E Weston & Sons,2018-02-26
Tavenor Farming Limited,2018-02-26
T/A: DG & DH Jones,2018-02-26
D R JONES & PARTNERS,2018-02-26
R E SNOWDON & SON,2018-02-26
T D GOODALL,2018-02-26
"K R, S B & M R Lowry",2018-02-26
J R Edwards & H R Mason,2018-02-26
S R MACHIN (CLOY HALL) LTD,2018-02-26
T H & K JONES & SONS,2018-02-26
J A Phillips & Son,2018-02-26
T A & E Smith,2018-02-27
P J IKIN,2018-02-27
T SMITH & SONS LTD,2018-02-27
N H SEMMENS & SON LTD,2018-02-27
T J & C M DAUNCEY,2018-02-27
F H & P J Bailey,2018-02-27
G & E Bristol,2018-02-27
T/A: MEG & EM Bennett & Sons,2018-02-27
LEICESTERSHIRE HANDMADE CHEESE CO,2018-02-27
J PEEL,2018-02-28
Maes Gwyrdd Limited,2018-02-28
M & C Davies Ltd,2018-02-28
C & S G DIBBLE LTD,2018-02-28
S E J TAPP & SONS,2018-02-28
Probin Farms Limited,2018-02-28
Probin Farms Limited,2018-02-28
A Sims Limited,2018-02-28
F YATES,2018-02-28
P N & D B Johnson & Son,2018-02-28
M J & M R POYNTON,2018-02-28
D W H & J M James,2018-02-28
D G & Mrs I E & P L Devonald,2018-02-28
P J & A H Jones,2018-03-01
S P & S R Davies,2018-03-01
D N & B Evans & Sons,2018-03-01
MR H & MRS E DEAKIN,2018-03-01
W O Slatter & Son,2018-03-01
G H H A J & F G SIMCOCK,2018-03-01
S & A and Daughters Ltd,2018-03-01
R & J Merrett,2018-03-01
M R & K M Pring,2018-03-02
K B & A C TERRY,2018-03-05
T/A: J S Johnston Partnership,2018-03-05
D C Green & Son,2018-03-05
W J D & Mrs E M & W R Jones,2018-03-05
G R M SMITH,2018-03-05
MESSRS WALSH,2018-03-05
R E SNOWDON & SON,2018-03-06
CAMPHILL VILLAGE TRUST,2018-03-06
A R &R A ROWLAND,2018-03-06
T G & N DAVIES,2018-03-06
TOMPKINS & SONS,2018-03-06
CHATCULL FARMS LTD,2018-03-06
F H COOKSON & SONS,2018-03-06
D V & D A CLIFFE & SONS,2018-03-07
F R & V A SIMS,2018-03-07
MESSRS PRESTON,2018-03-07
MESSRS E J HODGSON & SON,2018-03-07
D & CA HENRY,2018-03-07
B N & A J & S M A HARDING,2018-03-07
R SUMMERSON,2018-03-07
T S & C I JERMAN,2018-03-07
W HODGSON & PARTNERS LTD,2018-03-07
W E Morgan & Son,2018-03-07
D L Wilde & partners,2018-03-07
Cloverlait Limited,2018-03-07
Cloverlait Limited,2018-03-08
T/A: Longwood Farm,2018-03-08
B N & A J & S M A HARDING,2018-03-08
A E ALLEN & SON,2018-03-08
T SMITH & SONS LTD,2018-03-08
P & R E Kimber,2018-03-08
MR R C HOLLINSHEAD,2018-03-08
T/A JH Hewson & Son,2018-03-08
"J B, M, M A & M J WILLIAMS",2018-03-09
JP NEWELL AND SON,2018-03-09
LEE VALLEY REGIONAL PARK AUTHORITY,2018-03-09
MESSRS HUGHES,2018-03-09
P J GRIFFITHS & SON,2018-03-09
F H EVERETT AND SON,2018-03-09
W L KITCHING,2018-03-09
F ABBEY & SON,2018-03-09
E H ARDEN & SON,2018-03-09
A & T James,2018-03-09
ISKCON GOSHALLA LTD,2018-03-09
MR G L VOLK,2018-03-12
Mr E G & Mrs A Jones & Son,2018-03-12
"Mr D G, Mrs J A & R Griffiths",2018-03-12
MR H RAW,2018-03-13
G V P Thomas & Son,2018-03-13
E & D E ALLCOCK & SON,2018-03-13
W BECK & SON,2018-03-13
MESSRS WOOD & SONS,2018-03-13
Jenkins & Rees,2018-03-13
J E & A C Hughes CYF,2018-03-14
H. Attwell Ltd,2018-03-14
C W R & S A MARRIOTT,2018-03-14
WRIGHT BROS,2018-03-14
T/A: J & M & E A Taylor,2018-03-14
G V SPARKES AND SONS,2018-03-14
G & L BELFIELD & SON,2018-03-14
M B JONES & PARTNERS,2018-03-14
B J STAINER & SONS,2018-03-14
M/S A F & A H POWELL,2018-03-14
DAWSON BROS,2018-03-14
MR G L VOLK,2018-03-14
T J & Mrs M Lloyd,2018-03-14
M/s E W Hartt & Sons,2018-03-14
D L Wilde & partners,2018-03-14
W & J NEWHOUSE,2018-03-14
G A G EVANS & SON,2018-03-14
R G & D N PRITCHARD,2018-03-14
MR R D WILLIAMS,2018-03-14
J S MADDERS & SONS,2018-03-15
A C MYCOCK,2018-03-15
Platt Farms Ltd,2018-03-15
C L G Wadman & J Wadman & Sons,2018-03-15
C L G Wadman & J Wadman & Sons,2018-03-15
D C BARTLETT,2018-03-15
"R J, G M & A J Tucker",2018-03-15
F S STURROCK & SONS,2018-03-15
T/A: S E Alderman,2018-03-15
M E & K H Emmott,2018-03-15
T M & J M BOWES,2018-03-16
D G & G N Watts,2018-03-16
Mark Delbridge and Isobelle Delbridge,2018-03-16
G D & M RODGERS & SONS,2018-03-16
MR W B COOK,2018-03-16
N D & P M AXFORD T/A,2018-03-16
T S MATTHEWS & SON,2018-03-16
T S MATHEWS AND SON,2018-03-16
MESSRS A G BONSALL & SON,2018-03-16
F & J GREGORY,2018-03-16
"Mr D G, Mrs J A & R Griffiths",2018-03-16
D T & E G EVANS,2018-03-19
D R B Davies & Co.,2018-03-19
I O & C A Richards,2018-03-19
C R WILDBORE & SONS,2018-03-19
J A Phillips & Son,2018-03-19
J E & A C Hughes CYF,2018-03-19
Dreamers Farm,2018-03-20
G & E Bristol,2018-03-20
H E BARTLEY & CO,2018-03-20
T H & K JONES & SONS,2018-03-20
F M & B GRIFFITHS,2018-03-20
"M W, P R, P J & R J Lemmey",2018-03-20
MR M R & MRS K L DAVEY,2018-03-21
John G George,2018-03-21
N R & S L M GREEN,2018-03-21
S & E WILKINSON,2018-03-21
E C TUTT & SONS,2018-03-21
M/s D W & C M Evans,2018-03-21
THE ROOKHAYE ESTATE,2018-03-21
T K JEANS & SONS LTD,2018-03-21
T K JEANS & SONS LTD,2018-03-21
W H & S J RAWLINS,2018-03-21
T/A: P L & K J Boam,2018-03-21
J PEEL,2018-03-21
P A & P J ORMEROD,2018-03-21
Alex Heffron and Sam Heffron,2018-03-21
Lotmead Contract,2018-03-22
Lotmead Contract,2018-03-22
R H & I J Kennerley,2018-03-22
J W & J Holland,2018-03-22
K R BRITTON & SON,2018-03-22
F POVALL & SON,2018-03-22
T/A: G & A Adderson,2018-03-22
DIANA M MORGAN AND THOMAS J DUNNING,2018-03-22
N & A D BRASS & SON,2018-03-22
B & C LAWRENCE,2018-03-23
D & L QUINEY,2018-03-23
H V WRIGHT & SON LTD,2018-03-23
D V & D A CLIFFE & SONS,2018-03-23
J E  & P L DONALDSON,2018-03-23
D & M A WILSON,2018-03-23
M/S G & E BELL & SON,2018-03-23
D & C GIBSON,2018-03-23
Backhouse Partners Limited,2018-03-23
MESSRS F W MADDERS & SON,2018-03-23
T E BARKER & SONS,2018-03-23
K N & J WYRILL & SONS,2018-03-23
M/S R NEILL & SONS,2018-03-26
MR D M SUTHERLAND,2018-03-26
D T Edgerton,2018-03-26
D R JONES & PARTNERS,2018-03-26
T/A:L E Weston & Sons,2018-03-26
T/A: Bonsalls Mercaston,2018-03-26
Dalbury Ltd,2018-03-26
T/A: Harper Adams University Farms,2018-03-26
T/A: The Roaming Dairy,2018-03-27
T/A: R M & E Powell,2018-03-27
Padog Farms Ltd,2018-03-27
Stroud Micro Dairy Limited,2018-03-27
T/A: CA & AJ Goodwin,2018-03-27
T/A: D G & J R Browne,2018-03-27
D N Bennett & Son,2018-03-27
I EVANS,2018-03-27
H LL WILLIAMS & CO.,2018-03-28
D J & O M Marks & Son,2018-03-28
D D & C A Brooke,2018-03-28
T/A  D A AND J L BENNION,2018-03-28
N & N MATTHEWS LTD,2018-03-28
E R & MRS I P WARD,2018-03-28
J & R PENNINGTON,2018-03-28
T/A: Sturart Cock,2018-03-28
T/A: Plainspot Farm,2018-03-28
T/A: C L Bowles-Jones,2018-03-28
J R Brooks Farming / Moat Farm,2018-03-29
DIANA M MORGAN AND THOMAS J DUNNING,2018-03-29
T M Garry,2018-03-29
T/A: Meggy Moo???s,2018-03-29
T A & E Smith,2018-03-29
M P MASON,2018-03-29
T H COPE & SON,2018-03-29
N A C TAYLOR,2018-03-29
F J HOSKINS & SONS,2018-03-29
Mr G V Wellings,2018-04-03
MR G W LEGGOTT,2018-04-03
W & J NEWHOUSE,2018-04-04
J H & S M Farmer,2018-04-04
K J & M E Pinches,2018-04-04
P N & D B Johnson & Son,2018-04-04
R A Fisk & Sons,2018-04-04
A J BENNETT,2018-04-04
WALDEGRAVE FARMS LTD,2018-04-04
GILCOMBE FARM,2018-04-04
J S MADDERS & SONS,2018-04-04
A B & J PARKINSON & SONS,2018-04-04
D C BARTLETT,2018-04-04
W BECK & SON,2018-04-04
T/A: Sturart Cock,2018-04-04
Dickinson Farming Limited,2018-04-04
A J & A J GIBBONS,2018-04-04
C DEAN & L J BRENNAND,2018-04-04
Wookey Farm,2018-04-04
MONARCH FARMS,2018-04-05
H. G. Robinson & Sons Limited,2018-04-05
D E J BRAY,2018-04-05
Mr A V L & G J N Hitchens,2018-04-05
L W & S HOSKEN,2018-04-05
MR JOHN GARTON FENNEY,2018-04-05
GARNETT FARMS,2018-04-05
J R & A M WHITWELL,2018-04-05
T & S & M OAKES,2018-04-05
T M Garry,2018-04-05
C Window,2018-04-05
THE GOVERNOR,2018-04-05
D V & M E Sweet & Son,2018-04-05
Bowdler Farms Limited,2018-04-05
A J GREAVES & SON,2018-04-06
A E ROSS & SON,2018-04-06
"D T, G R & B D Rees",2018-04-06
A L V Thomas,2018-04-06
B & C LAWRENCE,2018-04-06
M/S WH GARDNER & SON,2018-04-06
DAVID FRYARS & SON,2018-04-06
W C HILL & SONS,2018-04-06
A & A M BURROW,2018-04-06
M/S J J & M A PARK & SON,2018-04-06
C W R & S A MARRIOTT,2018-04-06
D J FOSTER,2018-04-06
BARBER FARMS,2018-04-06
T/A: T & G Parkinson,2018-04-06
T/A: M Holmes & Sons,2018-04-06
T/A: G Beresford & Son,2018-04-09
MR W B COOK,2018-04-09
P M & Mrs J E Davies,2018-04-09
PENHILL FARM FERRYSIDE LTD,2018-04-09
T H & Mrs M B Gibbon,2018-04-09
T H & Mrs M B Gibbon,2018-04-09
G A G EVANS & SON,2018-04-09
T/A Applebys,2018-04-09
R H & I J Kennerley,2018-04-09
J W & J Holland,2018-04-09
M/S W CHAPMAN & SONS,2018-04-10
T/A: N & J MCLINTOCK,2018-04-10
A R J CYSTER & SONS,2018-04-10
S G LEE & SONS,2018-04-10
C S & J PRINCE,2018-04-10
T S & C I JERMAN,2018-04-10
T/A: TC Alderson & Son,2018-04-10
J LL BRAUNTON,2018-04-10
T W & M JONES,2018-04-10
M W ROBERTS & CO,2018-04-10
D S & E J LE MAY,2018-04-10
T M & J M BOWES,2018-04-11
T & A Hack,2018-04-11
MR P A JONES,2018-04-11
T/A: Plainspot Farm,2018-04-11
T/A: Sturart Cock,2018-04-11
P Kerley Contractor Ltd,2018-04-11
C R WILDBORE & SONS,2018-04-11
D N Bennett & Son,2018-04-11
M/S W J & C M LESTER,2018-04-11
Lewis Bros,2018-04-11
R H Lewis & Son,2018-04-11
J R WILLIS FARMS,2018-04-11
R & S BRADLEY,2018-04-11
"J, M & N J PEACOCK",2018-04-11
T/A: J H & J L Gibson,2018-04-11
"M W, P R, P J & R J Lemmey",2018-04-12
"M W, P R, P J & R J Lemmey",2018-04-12
D C BARTLETT,2018-04-12
D C BARTLETT,2018-04-12
M/S L & C M HARRISON & SON,2018-04-12
S M Gilman & Partners,2018-04-12
J R Hockenhull & Sons,2018-04-12
MRS E R TERRY & SONS,2018-04-12
M & C Davies Ltd,2018-04-12
T/A: Rock View,2018-04-12
T/A: D Middleton & Son,2018-04-12
MR E A COTTRELL,2018-04-12
GRAHAM WARD FARMS LTD,2018-04-13
Tavenor Farming Limited,2018-04-13
Mr H E & Mrs J M Davies & Sons,2018-04-13
DAWSON BROS,2018-04-13
S A WAYNE,2018-04-13
J H &  V J   TAYLOR,2018-04-13
MESSRS J G GARDHOUSE,2018-04-13
C HORNSBY & J ROUND,2018-04-13
MESSRS F W & J ARMSTRONG,2018-04-13
H V WRIGHT & SON LTD,2018-04-13
C R DUTTON & SONS,2018-04-13
W E NICHOLLS & CO.,2018-04-13
Maes Gwyrdd Limited,2018-04-14
Hugh Dibble,2018-04-16
T/A: Oakbrook Farm,2018-04-16
T/A:W & MM Case and Sons,2018-04-16
T/A: Laneside Farm Partnership,2018-04-16
R.W. Rolle,2018-04-16
R S & WA HOWARTH,2018-04-16
J A SIMPSON,2018-04-16
EARL OF PLYMOUTH ESTATES,2018-04-16
Mr C W Morris,2018-04-16
D T Edgerton,2018-04-16
E & I G Davies,2018-04-16
MR J LUND & SON,2018-04-16
D B & M E Williams,2018-04-16
G D Thomas & Son,2018-04-16
Birdcombe Farm Ltd,2018-04-16
D D & C A Brooke,2018-04-16
M O & I G HUGHES,2018-04-17
DAVIES BROS,2018-04-17
E R JONES & PARTNERS,2018-04-17
T SMITH & SONS LTD,2018-04-17
T/A: BARNOWL JERSEY STUD,2018-04-17
GM & HJ FERN,2018-04-17
E P Davies & Son,2018-04-17
E P Davies & Son,2018-04-17
MR JOHN GARTON FENNEY,2018-04-17
RAY BROWN & PARTNERS,2018-04-17
T/A: E T Tomlinson & Son,2018-04-17
T/A: Heath Farm Partnership,2018-04-17
Beechfall Golden Guernsey Goats,2018-04-17
T/A: R M & E Powell,2018-04-17
T/A: CP & RY Goodfellow,2018-04-18
T/A H M & D P Vaughan & Sons,2018-04-18
GOTT & ROBINSON,2018-04-18
T/A: DL & CRJ Diepenbroek,2018-04-18
W A & S E Grant Ltd,2018-04-18
R WAIN & SONS LTD,2018-04-18
R WAIN & SONS LTD,2018-04-18
MR R T ROBINSON,2018-04-18
H WRIGHT & SONS,2018-04-18
T J & J M POWLEY,2018-04-18
MR F C BROWN,2018-04-18
R T F MARSHALL,2018-04-18
R W & R WALKER,2018-04-18
J H & J E TAYLOR,2018-04-18
M/S J & D MARTIN,2018-04-18
Messrs H Noble & Sons,2018-04-18
M/S EA & RS BELL,2018-04-18
J & M L CLARK,2018-04-18
M/S J PAISLEY & SONS,2018-04-18
MR D.G. GUEST,2018-04-18
D J & S J MILLS,2018-04-18
MISS J H BARRY,2018-04-18
"R C, R I & A R PRATT",2018-04-18
M T  PARTINGTON,2018-04-18
F S DANN & SON LTD,2018-04-18
J J B Powell & Sons,2018-04-18
Mrs P Mathias & Sons,2018-04-18
Mr A E & Mr L E Morgan,2018-04-18
Messrs Morris,2018-04-18
M/S J & D ROBERTSHAW & SON,2018-04-18
J H & D S KIRKHAM,2018-04-18
Mrs P Mathias & Sons,2018-04-19
T G & G M Morgan,2018-04-19
J F TEMPLE & SON LTD,2018-04-19
TOMPKINS & SONS,2018-04-19
A J BENNETT,2018-04-19
T C & P W CANDY,2018-04-19
G R  & C L HILL,2018-04-19
MR P J ANDREWS,2018-04-19
STEPHEN FURNIVAL,2018-04-19
W F FARMS,2018-04-19
T/A: Hancocks Meadow Farm,2018-04-19
A & T James,2018-04-20
J R Brooks Farming / Moat Farm,2018-04-20
K W AND B HARRISON,2018-04-20
M/S J WHITEFORD & SONS,2018-04-20
MR N G & MRS J SREAD,2018-04-20
J TAYLOR,2018-04-20
MESSRS BAXTER,2018-04-20
J & S WALKER,2018-04-20
GILCOMBE FARM,2018-04-20
JOHN BAILEY & SONS,2018-04-20
A W & D GILMAN LTD,2018-04-20
S J Palmer,2018-04-20
R EVANS & SON,2018-04-20
PARRY BROS,2018-04-20
H LL WILLIAMS & CO.,2018-04-23
T/A Applebys,2018-04-23
T/A  D A AND J L BENNION,2018-04-23
T/A: W S BURROW & SON,2018-04-23
N R & S L M GREEN,2018-04-23
H. G. Robinson & Sons Limited,2018-04-23
T/A: Messrs Ferraro,2018-04-23
T/A: MEG & EM Bennett & Sons,2018-04-23
I M Cochrane,2018-04-23
T/A: ME & ME Davenport,2018-04-24
T/A: J M & A E Wallbank & Sons,2018-04-24
T/A: Peter Hill & Son,2018-04-24
T/A: M J & K E Kenyon,2018-04-24
M W; D M; DJ & L J Grigg,2018-04-24
T/A: Alex Wilson-North and Claire Wilson-North,2018-04-24
H & A STEPHENSON,2018-04-24
J E WALTON & SONS,2018-04-24
T W HOLDEN & SON,2018-04-24
A K & B M ROBINSON & SON,2018-04-24
T/A: Pulford Farm Dairies,2018-04-24
G N B Farm Ltd,2018-04-24
F W READ & SONS LTD,2018-04-24
T/A: A M Duguid & Son,2018-04-24
BRIAN HAIGH,2018-04-24
Joseph D Evans,2018-04-24
T/A: Delph House Farm,2018-04-25
N Shaw & Sons,2018-04-25
T/A: B & H GRIFFIN,2018-04-25
MR D W BARBER,2018-04-25
R A Fisk & Sons,2018-04-25
R H Lewis & Son,2018-04-25
Lewis Bros,2018-04-25
A S & S MORGAN,2018-04-25
M B JONES & PARTNERS,2018-04-25
Olive Farm (Babcary) Ltd,2018-04-25
B R & E M HALL,2018-04-25
MR A F AND MRS M BRANTON,2018-04-25
R & W GIDLOW,2018-04-25
ROTHERFIELD FARMS,2018-04-25
SIMON BANFIELD FARMS,2018-04-25
J & K House,2018-04-25
J W & T/A: P Marsh & Son,2018-04-25
A S & K M JACKSON,2018-04-25
MR J T PARKIN,2018-04-25
A G THREADGOLD,2018-04-25
MESSRS TWEEDIE,2018-04-25
M/S J ARMSTRONG,2018-04-25
MESSRS R J & F M GRIERSON,2018-04-25
T/A: T P W Uglow,2018-04-25
OAK TREE COTTAGE,2018-04-25
T/A: Sturart Cock,2018-04-25
T/A: MEG & EM Bennett & Sons,2018-04-25
MONARCH FARMS,2018-04-25
P & A Wakeham,2018-04-25
T/A: Hancocks Meadow Farm,2018-04-25
T/A: Kingshay Dairy Centre,2018-04-26
T/A: Rock View,2018-04-26
T/A: D & L Rawsthorn Farm,2018-04-26
Susan Root,2018-04-26
M/S H L BANBURY & SON,2018-04-26
F J & G T HANNAM & SONS,2018-04-26
T/A: Carpenters Hill Farm,2018-04-26
W SALT & SON,2018-04-26
W P HURD,2018-04-26
M/S E V POWELL & SON,2018-04-26
W J AND M E WEALSBY,2018-04-26
Wesbil Ltd,2018-04-26
Wesbil Ltd,2018-04-26
R R FRANCIS,2018-04-26
F Jackson & Son,2018-04-27
T E R Morris & Sons,2018-04-27
G E & W J POUNTNEY,2018-04-27
CHATCULL FARMS LTD,2018-04-27
J B PLANT,2018-04-27
MR D.G. GUEST,2018-04-27
R J & G M ASTON,2018-04-27
MESSRS T J DANIEL,2018-04-27
H & M H GREENAWAY,2018-04-27
John G George,2018-04-27
"R J, B C & N W J Monies",2018-04-27
"E M, S & R J Edge",2018-04-27
MESSRS D T & G YOUNG,2018-04-27
M/S G & E BELL & SON,2018-04-27
M/S J G & M E HARRINGTON & SON,2018-04-27
S M WESTON & SONS,2018-04-27
R J & D L Morgan & Sons,2018-04-27
Panta Farm,2018-04-27
T/A: S W Bailey,2018-04-27
Dyfi Dairy,2018-04-30
WA a ME Davies Cyf,2018-04-30
W SHONE & SONS,2018-04-30
E BLOCKLEY,2018-04-30
M T  PARTINGTON,2018-04-30
H M Jones & Partners,2018-04-30
E & MRS S E G THOMAS,2018-04-30
J S E & M & H L OWEN,2018-04-30
MESSRS R H & S P MORGAN,2018-04-30
C R WILDBORE & SONS,2018-04-30
C R WILDBORE & SONS,2018-05-01
I EVANS,2018-05-01
G M & P E JONES & SON,2018-05-01
S R MACHIN (CLOY HALL) LTD,2018-05-01
S R Lewis & Son,2018-05-01
C P BUTTON LTD,2018-05-01
R & K F DUMELOW,2018-05-01
R & K F DUMELOW,2018-05-01
P M Babey & Son,2018-05-01
REX PATERSON (FARMS) LTD,2018-05-01
B & J HILSDON,2018-05-01
T/A: Pilkington Farms Limited,2018-05-01
T/A: Peter Hill & Son,2018-05-01
"W L, G V & W L PRICE",2018-05-01
T/A: Hampshire County Council,2018-05-01
T/A: J. B. Statton,2018-05-02
"M W, P R, P J & R J Lemmey",2018-05-02
"R C, R I & A R PRATT",2018-05-02
R W & R WALKER,2018-05-02
W J SESSIONS & SON,2018-05-02
MR S J D HARRIS & SONS,2018-05-02
GRAHAM G SMALE,2018-05-02
MESSRS W HODGSON & SONS,2018-05-02
"D T, G R & B D Rees",2018-05-02
A L V Thomas,2018-05-02
R W & F E Suckley & Son,2018-05-02
HOLE & SONS,2018-05-02
MR D M SUTHERLAND,2018-05-02
W J Weeks & Son,2018-05-02
D V & M E Sweet & Son,2018-05-03
T/A: Park House Dairy Limited,2018-05-03
SHORTWOOD DAIRY LTD,2018-05-03
N & J M TOMKINSON,2018-05-03
J E Mansell & Sons,2018-05-03
P C M & N M PUGH,2018-05-03
"D W T, E G & P W Jones",2018-05-03
G. Manning & A. Boulton,2018-05-03
JOHN S PILE (FARMS) LTD,2018-05-03
M T Rees,2018-05-03
T/A: RP Granville & K J Granville,2018-05-03
T/A: Barrowland Farm Partnership,2018-05-03
T/A: P M & U J Deighton,2018-05-03
Evolution Farming Limited,2018-05-03
T/A: P H & D A Winter,2018-05-03
T/A: Martyn Eastham and Claire Chippindale,2018-05-03
T/A:W & MM Case and Sons,2018-05-04
T/A: CP & RY Goodfellow,2018-05-04
R.W. Rolle,2018-05-04
Green Meadow Farm Ltd,2018-05-04
E C & A A & S A E Waters,2018-05-04
T/A: W E Organic Dairies,2018-05-04
T/A: S J & J Hodgson & Son,2018-05-04
MESSRS F W & J ARMSTRONG,2018-05-04
M/S EA & RS BELL,2018-05-04
M/S LB & JH MONKHOUSE,2018-05-04
F S DANN & SON LTD,2018-05-04
N & J M TOMKINSON,2018-05-04
T/A: Park House Dairy Limited,2018-05-08
MESSRS M L & J M RICHARDSON & SONS,2018-05-08
R G & A & R T LLOYD,2018-05-08
D L & G L LIGHTFOOT,2018-05-08
T H & K JONES & SONS,2018-05-08
S R MACHIN (CLOY HALL) LTD,2018-05-08
S R MACHIN (CLOY HALL) LTD,2018-05-08
MESSRS E J HODGSON & SON,2018-05-08
A E & M K HAYHURST,2018-05-08
D E & S M MOORHOUSE,2018-05-08
THOMAS PARKINSON,2018-05-08
A B & J PARKINSON & SONS,2018-05-08
B J & M TOMLINSON & SON,2018-05-08
PEMBERTON'S DAIRIES,2018-05-08
T/A: T & G Parkinson,2018-05-08
M J & J E Wade,2018-05-08
MR P A JONES,2018-05-09
T/A: Henfryn Farm,2018-05-09
MR SIMON CRANK AND MRS RUTH ELIZABETH CRANK,2018-05-09
R WAIN & SONS LTD,2018-05-09
CHAPEL FARM NEWQUAY LTD,2018-05-09
J A & L S M TRIPCONEY,2018-05-09
I C EDWARDS,2018-05-09
D D & C A Brooke,2018-05-09
G D Thomas & Son,2018-05-09
T/A  D A AND J L BENNION,2018-05-09
S J Palmer,2018-05-09
M H W Powell & Son,2018-05-09
R D & C J BENBOW,2018-05-09
G V SPARKES AND SONS,2018-05-09
R T PEARCE,2018-05-09
B J STAINER & SONS,2018-05-09
S A WAYNE,2018-05-09
D S HARRISON,2018-05-10
B S NEWTH & SON,2018-05-10
J E ALSTON (UPHALL),2018-05-10
J E ALSTON (UPHALL),2018-05-10
R P & J L JARVIS,2018-05-10
BRIAN HAIGH,2018-05-10
J & R PENNINGTON,2018-05-10
T A WILLS,2018-05-10
A K & A D Parker Ltd,2018-05-10
D & K J BRAGG,2018-05-10
R J & G M ASTON,2018-05-10
T/A Hooper Farms,2018-05-10
T/A: R Pryor and Son,2018-05-10
T/A: RP Granville & K J Granville,2018-05-10
JACMAR DAIRY GOATS,2018-05-10
D C & W A Thomas,2018-05-10
T/A: E T Tomlinson & Son,2018-05-11
T/A: Sutton Hall Farms,2018-05-11
Halton Farms Ltd,2018-05-11
C E RUDGE & SONS LTD,2018-05-11
T/A: Blue Sky,2018-05-11
A G & L E GIFFORD,2018-05-11
F J  & D G FRANCIS,2018-05-11
R J FLETCHER & SON,2018-05-11
T/A: Edgar and Son,2018-05-11
R G & W Whitfield Ltd,2018-05-11
MR P E ROBINSON,2018-05-11
"M/S J, W, &  A CARRUTHERS",2018-05-11
T SMITH & SONS LTD,2018-05-11
C A OLIVER & SON,2018-05-11
Jon Appleby and Joy Appleby,2018-05-11
R T Smith & Son,2018-05-11
W & M R FISHER & SONS,2018-05-11
A D & P J MOSELEY,2018-05-11
HUDSON FARMING,2018-05-12
Tavenor Farming Limited,2018-05-12
T/A: G Beresford & Son,2018-05-14
T/A: H S Bourne,2018-05-14
R L Jones & Son,2018-05-14
Emma's Dairy,2018-05-14
T/A: J & B RICHARDS,2018-05-14
D D & C A Brooke,2018-05-14
B T & Mrs E E Thomas,2018-05-14
A & S Griffiths,2018-05-14
J E A Owens & Partners,2018-05-14
EARL OF PLYMOUTH ESTATES,2018-05-14
J & M OSBORN & SON,2018-05-14
D & D WESTOBY & SONS,2018-05-14
R K & S M Heard Ltd,2018-05-15
G R & T G Bond,2018-05-15
T H COPE & SON,2018-05-15
J LL BRAUNTON,2018-05-15
F M & B GRIFFITHS,2018-05-15
J R WILLIAMS,2018-05-15
Mr William A E Fox,2018-05-15
T/A: CRT PIERREPONT FARM,2018-05-15
T/A: L J T G Goaman & Sons,2018-05-15
T/A: Houghton Organic Farm,2018-05-15
T/A: Seabear Limited,2018-05-15
Devon County Show,2018-05-16
T/A: J W Lodge,2018-05-16
P A & P J ORMEROD,2018-05-16
T/A: RP Granville & K J Granville,2018-05-16
T/A: DL & CRJ Diepenbroek,2018-05-16
J Wainwright & Sons,2018-05-16
G M & P E JONES & SON,2018-05-16
Neuaddlwyd Farms,2018-05-16
R W & F E Suckley & Son,2018-05-16
Mr C W Morris,2018-05-16
M R & K M Pring,2018-05-16
HOSKINS PARTNERS,2018-05-16
S & E WILKINSON,2018-05-16
J A SIMPSON,2018-05-16
A & J  CARR & SON,2018-05-16
F J & R COAR,2018-05-16
J H & J E TAYLOR,2018-05-16
MESSRS C HARRINGTON,2018-05-16
M/S T T & J E MASON,2018-05-16
MR J J GRAVES,2018-05-16
W BECK & SON,2018-05-16
RAY BROWN & PARTNERS,2018-05-16
N & B MOSELEY &SON,2018-05-16
E BLOCKLEY,2018-05-16
J W GLEAVE,2018-05-17
DENIS & MARGERY LOUISE MOSELEY & SON,2018-05-17
D & P HOLLINSHEAD,2018-05-17
B J & M TOMLINSON & SON,2018-05-17
PEMBERTON'S DAIRIES,2018-05-17
THOMAS PARKINSON,2018-05-17
W SALT & SON,2018-05-17
S BRIGG & SONS,2018-05-17
J H BRADLEY & SONS,2018-05-17
J L P ROBERTS,2018-05-17
R & W GIDLOW,2018-05-18
MESSRS W HODGSON & SONS,2018-05-18
D V & D A CLIFFE & SONS,2018-05-18
MESSRS BAXTER,2018-05-18
J E & B M HUDSON,2018-05-18
S R WARD & SON,2018-05-18
J W & V I NAYLOR,2018-05-18
J E  & P L DONALDSON,2018-05-18
M/S J PAISLEY & SONS,2018-05-18
M/S J PAISLEY & SONS,2018-05-18
M/S  WHITAKER,2018-05-18
Green Meadow Farm Ltd,2018-05-18
E & D E HORN,2018-05-21
MESSRS DIXON,2018-05-21
M/S J & M E HUTCHINSON,2018-05-21
H WRIGHT & SONS,2018-05-21
D R DAVIES & SONS (COURT FARM) LTD,2018-05-21
G D Thomas & Son,2018-05-21
T A Wainwright & Son,2018-05-21
CHANDLER & DICKMAN (FARMS) LTD,2018-05-22
J S MADDERS & SONS,2018-05-22
PARRY BROS,2018-05-22
A Owen Cyf,2018-05-22
G M & D A HUGHES & SON,2018-05-22
G R & T G Bond,2018-05-22
W G LARKWORTHY & SON,2018-05-22
M/S J WHITEFORD & SONS,2018-05-22
MESSRS HUGHES,2018-05-22
T/A: Ganders Goat,2018-05-22
T/A: D Middleton & Son,2018-05-22
E C & A A & S A E Waters,2018-05-23
T/A: RP Granville & K J Granville,2018-05-23
S G D Jones,2018-05-23
T/A: Street Farm Dairy,2018-05-23
W J Weeks & Son,2018-05-23
T/A Applebys,2018-05-23
J J B Powell & Sons,2018-05-23
HOLE & SONS,2018-05-24
BOLEY PARTNERS,2018-05-24
BOLEY PARTNERS,2018-05-24
S J Palmer,2018-05-24
Tavenor Farming Ltd,2018-05-24
"L H, J E & S J LYONS",2018-05-24
T SMITH & SONS LTD,2018-05-24
Williams PFA,2018-05-24
R J Turner & Partners,2018-05-24
SHORTWOOD DAIRY LTD,2018-05-24
OLD PLAW HATCH FARM LIMITED,2018-05-24
A W & J BRANDRETH & SON,2018-05-24
K H RILEY & SONS,2018-05-24
M A & G V MATKIN,2018-05-24
A SUTTON & SON,2018-05-24
K E & H MILLS & SON,2018-05-24
D J & I C PINCOMBE,2018-05-24
G C D M & J C PALMER,2018-05-24
T/A: E T Tomlinson & Son,2018-05-24
R B BETTERIDGE,2018-05-24
E S Burroughs and Sons,2018-05-24
T/A: S W Bailey,2018-05-25
R W & R J Symons,2018-05-25
MR B COOPER,2018-05-25
Mrs F E Adams & Son,2018-05-25
A J COX & SON,2018-05-25
M J C HOCKEN & SONS,2018-05-25
T COWELL,2018-05-25
"M/S J, W, &  A CARRUTHERS",2018-05-25
P C & V KENNY FARMING,2018-05-25
G D Thomas & Son,2018-05-27
E P Davies & Son,2018-05-27
D & D WESTOBY & SONS,2018-05-29
R J FLETCHER & SON,2018-05-29
Ireosa Ltd,2018-05-29
P J IKIN,2018-05-29
LITTLE ACRES GOAT PRODUCTS,2018-05-29
J E Scutt & Son,2018-05-29
R K & S M Heard Ltd,2018-05-29
J B & G R ROSKILLY,2018-05-29
C THOMAS & SON,2018-05-29
I EVANS,2018-05-29
G H GRIFFITH AI GWMNI,2018-05-29
I M & MRS J JONES,2018-05-29
G E & W J POUNTNEY,2018-05-29
W J AND M E WEALSBY,2018-05-29
M J & J E Wade,2018-05-29
T/A:Ellie???s Dairy,2018-05-29
T/A: L J T G Goaman & Sons,2018-05-29
Jenkins & Rees,2018-05-29
T/A: Bibbear Farm,2018-05-30
M W; D M; DJ & L J Grigg,2018-05-30
M/S E L NORRIS & SON,2018-05-30
Gerring partners,2018-05-30
Gerring partners,2018-05-30
A J M EAVIS,2018-05-30
G E Simpson & Son,2018-05-30
GH Kynaston,2018-05-30
T/A: D & S A BODEN,2018-05-30
J M & J K CLIFFE & SON,2018-05-30
MR P J ANDREWS,2018-05-30
"J, M & N J PEACOCK",2018-05-30
A S & K M JACKSON,2018-05-30
BW & LM KIRKBY,2018-05-31
G METCALFE & SON,2018-05-31
M/S J J & D S WALE,2018-05-31
F R CHAVE & SON,2018-05-31
J.HUSBAND & SONS,2018-05-31
J Sprake & Partners Ltd,2018-05-31
L E MILLER & SON,2018-05-31
T/A: M & B Humphry,2018-05-31
G & M Lewis,2018-05-31
T/A: CRT PIERREPONT FARM,2018-05-31
Merryfield Farms Ltd,2018-05-31
Green Meadow Farm Ltd,2018-06-01
North Farm (Pawlett),2018-06-01
R W PARTRIDGE & SONS,2018-06-01
 Hawthorns Farm Limited,2018-06-01
T/A: P H & D A Winter,2018-06-01
T/A: I R & J M Fearon,2018-06-01
M/S E G BLUETT & SON,2018-06-01
E R & MRS I P WARD,2018-06-01
MESSRS T & A POWELL,2018-06-01
R T FITTON & CO LTD,2018-06-01
R G & W Whitfield Ltd,2018-06-01
MR L KYLE,2018-06-01
J L & MRS G L TALLAMY,2018-06-01
M M & T G Mayo,2018-06-01
T A Wainwright & Son,2018-06-04
T E R Morris & Sons,2018-06-04
Mrs M K Manford & Partners,2018-06-04
V J Price & Son,2018-06-04
V J Thomas & Son Ltd,2018-06-04
UWA FARMS,2018-06-04
"D Unit, IBERS, Aberystwyth University",2018-06-04
"M/S I W, M J, E H & E L Jones",2018-06-04
W E Morgan & Son,2018-06-04
"W L, G V & W L PRICE",2018-06-04
T/A: DG & DH Jones,2018-06-04
T/A: JD Musgrave and Son,2018-06-05
T/A: Trenwood Farming Ltd,2018-06-05
W J & Mrs B A Kneller,2018-06-05
Messrs Pennington,2018-06-05
R G FARRAR & SON,2018-06-05
A L V Thomas,2018-06-05
D A & Mrs L M Jones,2018-06-05
J M Davies & Partners,2018-06-05
D R DAVIES & SONS (COURT FARM) LTD,2018-06-05
Mrs F E Adams & Son,2018-06-05
R W & R J Symons,2018-06-05
G C D M & J C PALMER,2018-06-06
REA & SON,2018-06-06
MR Mark Stevens,2018-06-06
PEMBERTON'S DAIRIES,2018-06-06
P J & M R STUART,2018-06-06
MESSRS MURRAY,2018-06-06
M/S J STALKER,2018-06-06
M/S J ARMSTRONG,2018-06-06
MESSRS E J HODGSON & SON,2018-06-06
D E & S M MOORHOUSE,2018-06-06
A E & M K HAYHURST,2018-06-06
F A & J M GRAVES,2018-06-06
Neuaddlwyd Farms,2018-06-06
G H & B LEE,2018-06-06
B N & A J & S M A HARDING,2018-06-06
W Plowden Farms,2018-06-06
J R CHENEY & SON,2018-06-06
M/s H J Richards & Sons,2018-06-06
T/A: Longwood Farm,2018-06-06
Christine Page,2018-06-06
T/A: AP and CH Sharphouse,2018-06-06
T/A: Stone's Dairy,2018-06-06
Charles Wray,2018-06-07
E S Burroughs and Sons,2018-06-07
DOLKEN DAIRY GOATS,2018-06-07
Fen Farm Dairy Limited,2018-06-07
P R & J LAWLEY,2018-06-07
J W C George & Sons,2018-06-07
E & I G Davies,2018-06-07
R R FRANCIS,2018-06-07
Cox-Lake Farm Ltd,2018-06-07
T J GRINDLEY & SON,2018-06-07
T/A: Barkers Farm,2018-06-07
BW & LM KIRKBY,2018-06-07
C R & J M CARR,2018-06-07
C K & J I BEVAN,2018-06-08
R H & S M MASON,2018-06-08
R G BUCKLEY,2018-06-08
T G GWENNAP & SON,2018-06-08
M/S F & E A ROSKILLY & SONS,2018-06-08
ROBINSON PARTNERS,2018-06-08
D S HARRISON,2018-06-08
E & P FRIEND,2018-06-08
MESSRS WALSH,2018-06-11
T/A: W E J Watson,2018-06-11
T/A Hooper Farms,2018-06-11
T/A: G Beresford & Son,2018-06-11
T/A: R M & E Powell,2018-06-11
E & MRS S E G THOMAS,2018-06-11
I C EDWARDS,2018-06-11
Neuaddlwyd Farms,2018-06-11
"R T, M A & W C Richards",2018-06-11
H L & B Evans,2018-06-11
R O Beynon,2018-06-11
G J CARTER,2018-06-11
M/S  WHITAKER,2018-06-11
J & M OSBORN & SON,2018-06-11
F A & J M GRAVES,2018-06-11
DAVID FRYARS & SON,2018-06-11
PEMBERTON'S DAIRIES,2018-06-11
T ER & VJ BOLTON,2018-06-11
J E Scutt & Son,2018-06-11
C R & J M CARR,2018-06-11
B J & C A ELLIS & SON,2018-06-11
A P TOWNSEND,2018-06-12
WALTON FARMS,2018-06-12
C J & J M HUYTON,2018-06-12
R G & A & R T LLOYD,2018-06-12
David C M Andrew & Son,2018-06-12
G JAMES & SONS,2018-06-12
P D WILLIAMS & SONS,2018-06-12
J E & E B STUDLEY & SON,2018-06-12
M E Roberts A'i Meibion,2018-06-12
Joseph D Evans,2018-06-12
J A & J M INSALL,2018-06-12
J A & H E Lutner,2018-06-12
J E Mansell & Sons,2018-06-12
S J Palmer,2018-06-12
T/A:D.W. Hewlett,2018-06-12
T & S Farms,2018-06-12
T/A: Top Paddock Farming Partnership,2018-06-12
G R & T G Bond,2018-06-12
T/A: E T Tomlinson & Son,2018-06-12
D C & W A Thomas,2018-06-13
Emma's Dairy,2018-06-13
Charles Wray,2018-06-13
T/A: Hopewell Farm Foods,2018-06-13
P S Best,2018-06-13
P J & F P Bridge,2018-06-13
"P B, B J, T G & R G Pemberton",2018-06-13
"P B, B J, T G & R G Pemberton",2018-06-13
M W HILL,2018-06-13
MR R G & MRS M G LEADBETTER,2018-06-13
A & J  CARR & SON,2018-06-13
F J & R COAR,2018-06-13
T COWELL,2018-06-13
A P TOWNSEND,2018-06-13
MR Mark Stevens,2018-06-13
D R & L J LEE,2018-06-13
H & L KERLEY & SONS LTD,2018-06-13
MR & MRS S.J DUSTOW & SON,2018-06-13
MR R C HOLLINSHEAD,2018-06-13
G J MOSS & SON,2018-06-13
M/S H L BANBURY & SON,2018-06-14
J W & R I LEE,2018-06-14
M J Frampton & Sons,2018-06-14
F R CHAVE & SON,2018-06-14
M/S J J & D S WALE,2018-06-14
WOODWARD PARTNERS,2018-06-14
R M G & R G SALTER,2018-06-14
C A OLIVER & SON,2018-06-14
V J Thomas & Son Ltd,2018-06-14
A E ROSS & SON,2018-06-14
T/A: Blue Sky,2018-06-14
T/A: C L Bowles-Jones,2018-06-14
T/A: CJ & VJ Tucker,2018-06-14
T/A Foxcombe Hill Farm,2018-06-15
R W PARTRIDGE & SONS,2018-06-15
T/A: D W & J Smith,2018-06-15
W H Dixon & Sons,2018-06-15
Mrs P Mathias & Sons,2018-06-15
Mr A E & Mr L E Morgan,2018-06-15
M V & S A Evans,2018-06-15
"J E, D & G TUDOR",2018-06-15
M W & S E WOOLDRIDGE,2018-06-15
"F K, M & S K KENDALL",2018-06-15
T/A: L V & D F Dakin & Partners,2018-06-15
THE UNIVERSITY OF READING,2018-06-15
FARLEY FARMS,2018-06-15
MESSRS HUGHES,2018-06-15
J D HETHERINGTON & SONS,2018-06-15
E MOSLEY & SONS,2018-06-15
B AND D WILLISON AND SON,2018-06-18
DOUGLAS PARTNERS,2018-06-18
C A MOTTRAM & SONS,2018-06-18
Mr A E & Mr L E Morgan,2018-06-18
Mrs P Mathias & Sons,2018-06-18
MESSRS E BOWES & SONS,2018-06-18
LEWIS JONES PARTNERSHIP,2018-06-18
JP FARMS,2018-06-18
MESSRS GETHIN,2018-06-18
CEFNCOED FARMS,2018-06-18
H L & B Evans,2018-06-18
G J & R & D O Davies,2018-06-18
"T/A: O M, E M & M S Harries & G Rees-Harries",2018-06-18
T/A: E T Tomlinson & Son,2018-06-19
Messrs Pennington,2018-06-19
P G Snell & Sons,2018-06-19
H G ROBINSON & SONS LTD,2018-06-19
A MALE & SONS,2018-06-19
G D & K E KITTO,2018-06-19
A.M. CREEPER,2018-06-19
T/A: D & S A BODEN,2018-06-20
R & J W DARLINGTON & PARTNER,2018-06-20
A & A M BURROW,2018-06-20
K B & A C TERRY,2018-06-20
Reg as: THE WELBECK ESTATE CO LTD,2018-06-20
M/S E L NORRIS & SON,2018-06-20
JP FARMS,2018-06-20
G JAMES & SONS,2018-06-20
E J FORT,2018-06-20
T/A: A & C L Gray,2018-06-20
Steve Perry,2018-06-20
R A Bottomley,2018-06-21
J H BRADLEY & SONS,2018-06-21
R D & C J BENBOW,2018-06-21
MR Mark Stevens,2018-06-21
T J GRINDLEY & SON,2018-06-22
MR L KYLE,2018-06-22
W A DAVIES & SONS,2018-06-22
MESSRS F D WRIGHT & SON,2018-06-22
J M & J K CLIFFE & SON,2018-06-22
G J MOSS & SON,2018-06-22
P J & E J GOODMAN,2018-06-22
MR K J & MRS W H ROUTLY,2018-06-22
MR M G L & MRS A H WARMAN,2018-06-22
P C & V KENNY FARMING,2018-06-22
MESSRS G H HAWKSWOOD & SONS,2018-06-22
TITCOMB & KEEN,2018-06-22
G M & D A HUGHES & SON,2018-06-22
P W Mardell / Musson Hall Farm,2018-06-22
R L Jones & Son,2018-06-25
S G D Jones,2018-06-25
I C EDWARDS,2018-06-25
D L Farming Ltd,2018-06-25
R O Beynon,2018-06-25
M O & I G HUGHES,2018-06-25
O D OWENS,2018-06-25
R EVANS & SON,2018-06-25
PETER J HICKSON & PARTNERS,2018-06-25
R S BETTERIDGE,2018-06-26
A G & A STANCZAK,2018-06-26
F H BENNEY & SONS,2018-06-26
S WALLIS & SON,2018-06-26
W G & R G RILEY,2018-06-26
A & FM BOLLAND & SONS,2018-06-26
J R NEWSHAM & SON,2018-06-26
MR A F AND MRS M BRANTON,2018-06-26
P B D BOWDEN & SON,2018-06-26
C R & J M CARR,2018-06-26
T/A: Richard A. G. Stanczak,2018-06-26
T/A: L. J. Sharp,2018-06-27
HONEYSUCKLE FARM,2018-06-27
T/A H Lawson & Partners,2018-06-27
D K & M J & N PARRIS,2018-06-27
P B D BOWDEN & SON,2018-06-27
T/A: R J GORST,2018-06-27
L S HIGGIN & SON,2018-06-27
R P & S A  NUTE,2018-06-27
A W SANDERS,2018-06-27
M/S J & M E HUTCHINSON,2018-06-27
M/S J STALKER,2018-06-27
ITONFIELD LTD,2018-06-27
"J, CM & CS CHAPPELHOW",2018-06-27
F A & J M GRAVES,2018-06-27
Park Farm Limited,2018-06-27
S B LYTH AND SON,2018-06-27
M/S A HARLAND & SON,2018-06-27
R A Bottomley,2018-06-28
S T THORNTON & SONS,2018-06-28
D & S GETHIN,2018-06-28
A I BOWEN,2018-06-28
David C M Andrew & Son,2018-06-28
MR & MRS W WALES,2018-06-28
David Evans & Co.,2018-06-28
Beaconhill Farm,2018-06-28
M/S G A & G W STONE,2018-06-28
P & L Farming Limited,2018-06-28
T/A: Yareal Llanforda Limited,2018-06-28
T/A: Harper Adams University Farms,2018-06-28
Evolution Farming Limited,2018-06-29
DOLKEN DAIRY GOATS,2018-06-29
W & N SHERRATT & SON,2018-06-29
J H &  V J   TAYLOR,2018-06-29
MRS M G & W L FRENCH,2018-06-29
J.HUSBAND & SONS,2018-06-29
POLVENTON FARM LTD,2018-06-29
G J MOSS & SON,2018-06-29
J B ROWLINSON & SON,2018-06-29
M E G & E M Bennett & Sons,2018-06-29
MESSRS F & E M BUXTON & PARTNERS,2018-06-29
D SWINSON,2018-06-29
M/S J B & J CAMBIDGE,2018-06-29
C E & G W BRASSINGTON,2018-06-29
P & A CURTIS,2018-06-29
J & D MADDOCK,2018-06-29
GH Kynaston,2018-07-02
CEFNCOED FARMS,2018-07-02
Bowdler Farms Limited,2018-07-02
T W & C A LONG,2018-07-02
MESSRS J N AND D J BOWES,2018-07-02
J R & C E Jones Ltd,2018-07-02
Tor Country Ltd,2018-07-02
T & S Farms,2018-07-02
C K & J I BEVAN,2018-07-03
B T & S M Phillips,2018-07-03
Bwlchyfedwen Ltd,2018-07-03
T W OWENS,2018-07-03
MR E H MORRIS,2018-07-03
H & S J Morgan,2018-07-03
A W & J BRANDRETH & SON,2018-07-03
K A FRANKS & SONS,2018-07-04
W & M R FISHER & SONS,2018-07-04
MR & MRS W WALES,2018-07-04
I J & S A Bell & Son,2018-07-04
H B GREEN & SON,2018-07-04
MR E H MORRIS,2018-07-04
T W OWENS,2018-07-04
CAMERON & SONS,2018-07-04
MR Mark Stevens,2018-07-04
W WALKER & SONS,2018-07-04
W M & B T CRITCHLEY,2018-07-04
W & R MASHITER & SON,2018-07-04
A T BURROW & SON,2018-07-04
P J Caunter & Son,2018-07-04
H C Dayment & Son,2018-07-04
C W R & S A MARRIOTT,2018-07-04
J H & J E TAYLOR,2018-07-04
S JACKSON & SONS,2018-07-04
J A S M & A W TODD,2018-07-04
MESSRS J E & E HELER,2018-07-04
HG Witt and Son,2018-07-04
T/A: Nut Tree Farm,2018-07-04
Steve Perry,2018-07-04
T J HICKS,2018-07-04
T/A: Penylan Farm,2018-07-05
O P Williams & Partners,2018-07-05
J B ROWLINSON & SON,2018-07-05
J A & L S M TRIPCONEY,2018-07-05
M/S W B BOWDEN & SONS,2018-07-05
C THOMAS & SON,2018-07-05
M/S R J REW & SONS,2018-07-05
V J Price & Son,2018-07-05
V J Thomas & Son Ltd,2018-07-05
D V & M E Sweet & Son,2018-07-05
D SWINSON,2018-07-05
WOODWARD PARTNERS,2018-07-06
M H TRICK,2018-07-06
J H &  V J   TAYLOR,2018-07-06
A SUTTON & SON,2018-07-06
MESSERS J P  HOLLIDAY,2018-07-06
DOLKEN DAIRY GOATS,2018-07-06
MEGWYN JERSEYS,2018-07-06
T/A: G Beresford & Son,2018-07-06
T/A: SK Livestock Services,2018-07-06
Kent County Show,2018-07-06
A J Hattan,2018-07-06
THE CROOK FAMILY,2018-07-09
M/S M & M MAXWELL,2018-07-09
S B LLOYD AND SON,2018-07-09
D B & M E Williams,2018-07-09
R O Beynon,2018-07-09
B & E I CARR,2018-07-10
C Window,2018-07-10
T & S Farms,2018-07-10
Ahimsa Dairy Foundation,2018-07-10
T/A: C S Owen,2018-07-11
T/A: Welsh Mountain Kefir,2018-07-11
"T/A: JK, CM Davies & Sons",2018-07-11
BLACKBURN & HAYNES,2018-07-11
G J & F L ROBERTSON,2018-07-11
Childhay Farming Ltd,2018-07-11
C H SHERWIN,2018-07-11
C H SHERWIN,2018-07-11
Bwlchyfedwen Ltd,2018-07-11
HUDSON FARMING,2018-07-11
T/A:  J A Haigh & Sons,2018-07-12
R & J Jones & Son,2018-07-12
D S HARRISON,2018-07-12
M W HILL,2018-07-12
MRS M G & W L FRENCH,2018-07-12
C M PHILLIPS,2018-07-12
Philip Henry Bunney,2018-07-12
W S HARRIS & SON,2018-07-12
"R J, P J, C J SHIELD",2018-07-12
MR Mark Stevens,2018-07-12
T/A: Richard A. G. Stanczak,2018-07-12
T/A: R M & E Powell,2018-07-12
T/A: W E J Watson,2018-07-12
D C & W A Thomas,2018-07-12
Wayne T Jeffery,2018-07-12
T/A: High Ash Farm,2018-07-13
JETHAWK,2018-07-13
M M Quested,2018-07-13
R G BUCKLEY,2018-07-13
R & J W DARLINGTON & PARTNER,2018-07-13
M/S NEWSHOLME & BRADLEY,2018-07-13
G M O OWEN,2018-07-13
CHURCH FARM DAIRIES LTD,2018-07-13
Mrs P Mathias & Sons,2018-07-13
W A J & E M & B J Bevan,2018-07-13
T J & Mrs M Lloyd,2018-07-13
CHURCH FARM DAIRIES LTD,2018-07-17
I J AND M E BAILEY,2018-07-17
G T & C J HUGHES,2018-07-18
NORMAN PARTNERSHIP,2018-07-18
"R J, P J, C J SHIELD",2018-07-18
T/A: JH & PJ Turner,2018-07-18
E W GILL AND SONS LIMITED,2018-07-18
N DAKIN & SONS,2018-07-18
R C Dilks,2018-07-18
P & A CURTIS,2018-07-18
Joseph D Evans,2018-07-18
J R WILLIAMS,2018-07-18
G N MORRIS,2018-07-18
HUDSON FARMING,2018-07-18
E J FORT,2018-07-18
V J Thomas & Son Ltd,2018-07-19
M T  PARTINGTON,2018-07-19
MR R G & MRS M G LEADBETTER,2018-07-19
R & J Jones & Son,2018-07-19
A & J E FEWINGS,2018-07-19
A SUTTON & SON,2018-07-19
S T ALLEN & SON,2018-07-19
T/A: R A Lomas & Partners,2018-07-19
Jennifer M Daw & Barry A Daw,2018-07-19
R E BISHOP,2018-07-19
H. G. Robinson & Sons Limited,2018-07-19
T/A: The Calf at Foot Dairy,2018-07-19
T/A: Old Hall Farm,2018-07-19
Panta Farm,2018-07-19
T/A: M J & D Needham & Son,2018-07-19
M & S WILSON,2018-07-20
D H & T M RATCLIFFE,2018-07-20
A & P M SPENCER,2018-07-20
H & S J Morgan,2018-07-20
D L Farming Ltd,2018-07-23
NALDRETT & PARTNERS,2018-07-23
Royal Welsh Show,2018-07-23
T/A: Heath Farm Partnership,2018-07-24
TITCOMB & KEEN,2018-07-24
MESSRS G H HAWKSWOOD & SONS,2018-07-24
P F & W Hill,2018-07-24
T F & R J Whettall,2018-07-24
R H TRIVETT & SON,2018-07-24
S J POTTS,2018-07-25
C E HINE,2018-07-25
Lydney Park Farms,2018-07-25
P B D BOWDEN & SON,2018-07-25
T/A: C S Owen,2018-07-25
T/A: Pulford Farm Dairies,2018-07-26
S WALLIS & SON,2018-07-26
J B & G R ROSKILLY,2018-07-26
F H BENNEY & SONS,2018-07-26
T D PRINCE,2018-07-26
M T  PARTINGTON,2018-07-26
S G LEE & SONS,2018-07-26
COSTON HALL FARMS LTD,2018-07-26
T G GWENNAP & SON,2018-07-27
T/A: T M Woodcock and Partners,2018-07-27
G.J.P. ROBINSON & CO,2018-07-27
P W MELLOR & SON,2018-07-27
T/A: Edward Mellor,2018-07-27
H. G. Robinson & Sons Limited,2018-07-27
T/A: N/A,2018-07-27
S G D Jones,2018-07-27
M/S J PAISLEY & SONS,2018-07-30
CHAPEL FARM NEWQUAY LTD,2018-07-30
M/S H L BANBURY & SON,2018-07-30
BLACKBURN & HAYNES,2018-07-30
NALDRETT & PARTNERS,2018-07-30
A W & B TITTERTON & SONS,2018-07-30
"T/A: M J, M I & J P Kenny",2018-07-31
A D & P J MOSELEY,2018-07-31
T/A: Radwood Hall Farm Limited,2018-07-31
GILCOMBE FARM,2018-07-31
M & J C Gould Ltd,2018-07-31
Mrs M K Manford & Partners,2018-07-31
J W Jones & Sons,2018-07-31
PETER J HICKSON & PARTNERS,2018-07-31
Price & Co. Farming Ltd,2018-07-31
D E W England,2018-07-31
Dreamers Farm,2018-07-31
M A & E J Bennett Ltd,2018-08-01
T/A: Wheal Plenty Farm Partnership,2018-08-01
T SMITH & SONS LTD,2018-08-01
"D J, M J & P W House",2018-08-01
A W & J BRANDRETH & SON,2018-08-01
R S BETTERIDGE,2018-08-01
R & R A JONES,2018-08-01
MRS V STEVEN & SON,2018-08-01
T A BLACKMORE & SON,2018-08-01
M/S R J REW & SONS,2018-08-01
P JOHNS,2018-08-01
MR H G WRIGHT,2018-08-01
I E & T M SPEED LTD,2018-08-01
MESSRS RAMSAY LTD,2018-08-02
M/S G A & G W STONE,2018-08-02
MR R H & MRS F P HARVEY,2018-08-02
A J & J J Tucker,2018-08-02
M & M TATTERSALL,2018-08-02
H W OULTRAM & CO,2018-08-02
J & S Y KENYON & SONS,2018-08-02
T/A: Radwood Hall Farm Limited,2018-08-02
PADDOCKS FARM LIMITED,2018-08-02
R E & S J MORGAN,2018-08-02
T/A: Harper Adams University Farms,2018-08-02
T/A: Menerdue Farm,2018-08-02
O P Williams & Partners,2018-08-02
AC & ER Hammett Ltd,2018-08-02
T/A: Longwood Farm,2018-08-02
T/A: D J & K L Leadbetter,2018-08-03
LTL Partners Ltd,2018-08-03
A S & S MORGAN,2018-08-03
R A & A R WILLIAMS,2018-08-03
Olive Farm (Babcary) Ltd,2018-08-03
J J FURNESS LTD,2018-08-03
M/S W B BOWDEN & SONS,2018-08-06
M/S F & E A ROSKILLY & SONS,2018-08-06
A.M. CREEPER,2018-08-07
C F S FOX & SON,2018-08-07
"F K, M & S K KENDALL",2018-08-07
F G DITCHFIELD T/A T G ADAMS & SON,2018-08-07
"T/A: PA, IA and GA Robertson",2018-08-07
Springwood Farms Ltd,2018-08-08
MR S W & MRS N M JONES,2018-08-08
T/A: JR & SE Cook,2018-08-08
MACER BROS,2018-08-08
G H HARRISON & SONS,2018-08-08
D P WILLIAMS,2018-08-08
P C & G M WILLIAMS,2018-08-08
M/S H I & G ROGERS,2018-08-08
M D James & Sons,2018-08-08
"D, G W & A E PARRY",2018-08-08
N DAKIN & SONS,2018-08-08
G.J.P. ROBINSON & CO,2018-08-08
"J W, D E & J R C HOPLEY",2018-08-08
F A MARSHALL,2018-08-08
Mrs S.M. Darke and Mr Tom Darke,2018-08-08
J AND O WILKINSON AND SON,2018-08-09
CRANES OF STIXWOULD,2018-08-09
J A & H E Lutner,2018-08-09
M T  PARTINGTON,2018-08-09
A D & P J MOSELEY,2018-08-09
PADDOCKS FARM LIMITED,2018-08-09
J H & J SALT & SONS,2018-08-10
A W & B TITTERTON & SONS,2018-08-10
A S & S MORGAN,2018-08-10
E V & D G & J C JONES,2018-08-10
HOPES ASH FARMS,2018-08-10
M/S NEWSHOLME & BRADLEY,2018-08-10
J H BLACKBURN & SON,2018-08-10
H & M JONES WIGFAIR FARM,2018-08-10
T/A: Handley Farm LLP,2018-08-10
P S Best,2018-08-10
T/A: Pembrokeshire Agricultural Society Ltd,2018-08-13
T/A: J W & L J Hembrow,2018-08-13
A & A M BURROW,2018-08-13
AE & E Garnett Ltd,2018-08-13
MR A W & MRS J KING,2018-08-14
M H TRICK,2018-08-14
T/A: J & B RICHARDS,2018-08-14
Bowdler Farms Limited,2018-08-14
C P & G M Bromwell & Son,2018-08-14
Hugh Dibble,2018-08-14
TH & CL Johnson Limited,2018-08-14
T/A:M Hollely and C. Down,2018-08-14
T/A: S J & J Hodgson & Son,2018-08-15
Peter Brock,2018-08-15
C E HINE,2018-08-15
F A MARSHALL,2018-08-15
APPLEVALE LTD.,2018-08-15
M/S D S & H FELL,2018-08-15
W J THOMAS & SON,2018-08-15
MESSRS HAZELWOOD,2018-08-16
G R ROBINSON (FARMS) LTD,2018-08-16
R G DAVIES,2018-08-16
R W EDWARDS & E E EDWARDS & SONS,2018-08-16
C R BARNETT,2018-08-16
D E W England,2018-08-16
T/A: M W J & S J Gould,2018-08-16
T/A: Whetstone Pastures Dairy,2018-08-16
T/A: A G Staddon & Sons,2018-08-16
T/A: Welsh Mountain Kefir,2018-08-17
T/A: P D Cashmore,2018-08-17
LTL Partners Ltd,2018-08-17
F G DITCHFIELD T/A T G ADAMS & SON,2018-08-17
"L H, J E & S J LYONS",2018-08-18
R & K F DUMELOW,2018-08-18
CLAYTONS PARTNERSHIP,2018-08-20
"P B, B J, T G & R G Pemberton",2018-08-20
R W EDWARDS & E E EDWARDS & SONS,2018-08-20
T/A: MP & PM Perrett,2018-08-20
T/A: Thomas Stephenson,2018-08-20
T/A: Emma Aldous,2018-08-21
Oliver Huw Jones,2018-08-21
Lawrenny Farms,2018-08-21
TEDION FARMERS,2018-08-21
James Brothers Enterprises Limited,2018-08-21
S B LLOYD AND SON,2018-08-21
"T/A: M J, M I & J P Kenny",2018-08-21
R E BISHOP,2018-08-21
W WALKER & SONS,2018-08-21
M R & K M Pring,2018-08-22
E & I G Davies,2018-08-22
MRS E JAMES & SONS,2018-08-22
H G & E Jones,2018-08-22
Messrs R W & D E Lewis,2018-08-22
Ludchurch Farms Ltd,2018-08-22
A & P M SPENCER,2018-08-22
I & M DAVIES & SON,2018-08-22
G M O OWEN,2018-08-22
A W PARRY & SONS,2018-08-22
Peter Brock,2018-08-22
T/A: Defaid Dolwerdd,2018-08-22
T/A: Barrowland Farm Partnership,2018-08-22
"R G, A J & J A Habberfield",2018-08-23
V J Thomas & Son Ltd,2018-08-23
Mr & Mrs R E Lewis & Son,2018-08-23
MISS J M DAY,2018-08-23
A S & S MORGAN,2018-08-23
M F JONES,2018-08-23
J CORNISH & SONS,2018-08-23
MR A W & MRS J KING,2018-08-23
T/A: J & M & E A Taylor,2018-08-23
R F GOODWIN & SON,2018-08-24
TARVER PARKES FARMS,2018-08-24
I E & T M SPEED LTD,2018-08-24
MESSRS D J WITTER & CO.,2018-08-24
MR H G WRIGHT,2018-08-24
COSTON HALL FARMS LTD,2018-08-24
EVETTS FARMS,2018-08-24
T/A: SK Livestock Services,2018-08-24
R T Smith & Son,2018-08-28
CLAYTONS PARTNERSHIP,2018-08-28
DENNIS SMITH & PARTNERS,2018-08-28
TARVER PARKES FARMS,2018-08-29
D & S C SUTTON,2018-08-29
Mrs E Witter & Sons,2018-08-29
R J WYATT & PARTNERS,2018-08-29
PLOT FARM PARTNERS,2018-08-29
S ELLIS & SON,2018-08-29
H Route & Sons,2018-08-29
E V & D G & J C JONES,2018-08-29
T/A: Farwood Barton Partnership Ltd,2018-08-29
JOHN S PILE (FARMS) LTD,2018-08-29
T/A: J L E Pitts & Son,2018-08-29
T/A: Longwood Farm,2018-08-30
S G D Jones,2018-08-30
A J Jones & Son,2018-08-30
Free to Choose Ltd,2018-08-30
S T & T L SMITH,2018-08-30
A S & S MORGAN,2018-08-30
J H BLACKBURN & SON,2018-08-31
CLAYTONS PARTNERSHIP,2018-08-31
E & S M HALPIN,2018-08-31
R & A G GALBRAITH,2018-08-31
I J AND M E BAILEY,2018-08-31
T/A: Hendre Milk,2018-08-31
T/A: AP and CH Sharphouse,2018-08-31
T/A: M Kulik,2018-09-03
J W Jones & Sons,2018-09-03
J W & J Holland,2018-09-03
A H Prichard & Son,2018-09-03
J M & H C Roberts,2018-09-03
L N & J J Richards & Son,2018-09-03
M/s D W & C M Evans,2018-09-04
K R BRITTON & SON,2018-09-04
M F &  R JONES & SON,2018-09-04
G E Ellett & Son,2018-09-04
R & J COTTEY,2018-09-04
Lawrenny Farms,2018-09-04
Mr & Mrs T I & R J Grandfield,2018-09-05
LEICESTERSHIRE HANDMADE CHEESE CO,2018-09-05
Dyfi Dairy,2018-09-05
"T/A: Michael, Carol, Dorothy & George Cope",2018-09-05
V B & M A F Roberts,2018-09-05
W PERSEY & SONS,2018-09-05
DIANA M MORGAN AND THOMAS J DUNNING,2018-09-05
LOWER BAGBER FARMS LTD,2018-09-05
A K & A D Parker Ltd,2018-09-05
T & S & M OAKES,2018-09-05
B J & M TOMLINSON & SON,2018-09-05
P J & P MASON,2018-09-05
B & J HILSDON,2018-09-05
DP & SJ BERRY,2018-09-05
R & K F DUMELOW,2018-09-05
CLAYDEN HOLSTEINS,2018-09-05
F S STURROCK & SONS,2018-09-05
C J & V J TUCKER,2018-09-05
GRAHAM WARD FARMS LTD,2018-09-05
M T  PARTINGTON,2018-09-05
MR & MRS W L & H M DAVIES,2018-09-05
H J R & S V Howells,2018-09-05
J B J MORICE,2018-09-05
MESSRS R H & S P MORGAN,2018-09-05
R & R A JONES,2018-09-05
CAMPHILL VILLAGE TRUST,2018-09-05
O L ROBERTS,2018-09-05
"G.R,T/A:  S.E.M and W.L Thomas",2018-09-06
AISLA JONES,2018-09-06
E EVANS & SONS LTD,2018-09-06
D & E OWEN & SONS,2018-09-06
T/A: Norman Evans & Co,2018-09-06
H Route & Sons,2018-09-06
G J & M Vigar-Smith,2018-09-06
P MASSEY & SON,2018-09-06
J H M ATTWELL & SON,2018-09-06
C P BUTTON LTD,2018-09-06
J L & S KING,2018-09-06
C H & R J JORDAN & SON,2018-09-06
M/S B T & I MOORE,2018-09-06
Mrs S.M. Darke and Mr Tom Darke,2018-09-06
T/A: Luke Timewell,2018-09-06
T/A: P D Cashmore,2018-09-06
T/A: J L E Pitts & Son,2018-09-06
Oliver Huw Jones,2018-09-06
T/A: P H Creed & Son,2018-09-06
T/A: P J & T FLETCHER,2018-09-06
J C & M J Mayo & Son,2018-09-06
T/A:D.W. Hewlett,2018-09-06
T/A:M Hollely and C. Down,2018-09-06
T/A: S G and G H Jose,2018-09-07
T/A: CS & JB Jones,2018-09-07
Tor Country Ltd,2018-09-07
EVETTS FARMS,2018-09-07
T/A: Lea Manor Farm,2018-09-07
R A & MRS E M HAWORTH,2018-09-07
Moor View Farm Limited,2018-09-07
"M W, P R, P J & R J Lemmey",2018-09-07
D R & L J LEE,2018-09-07
A C TIMBURY,2018-09-07
R B & R D JONES,2018-09-07
H L & T & C LYNE,2018-09-07
J H & J SALT & SONS,2018-09-07
JOHN C HAYWARD,2018-09-07
t/a P & C Attfield,2018-09-09
R & A G GALBRAITH,2018-09-10
T/A Applebys,2018-09-10
C P & G M Bromwell & Son,2018-09-10
Neneview Dairies,2018-09-10
T/A: C L Bowles-Jones,2018-09-10
T/A: Bonsalls Mercaston,2018-09-10
T/A: M Kulik,2018-09-10
T/A: R M & E Powell,2018-09-11
T/A: D G & J R Browne,2018-09-11
V W FLEMING & SON,2018-09-11
T/A: W. O. J. Reed & Company Limited,2018-09-11
D B & R M Edwards,2018-09-11
James Brothers Enterprises Ltd,2018-09-11
T & D M & R T & M E T Beynon,2018-09-11
J M & H C Roberts,2018-09-11
MR E J & M J BAILY,2018-09-11
MESSRS A P & R E A RETTER,2018-09-11
MESSRS D G & J Y HOOPER,2018-09-12
T H & C L JOHNSON,2018-09-12
C W R & S A MARRIOTT,2018-09-12
J J FURNESS LTD,2018-09-12
T A WILLS,2018-09-12
M/S W B BOWDEN & SONS,2018-09-12
MR & MRS W L & H M DAVIES,2018-09-12
H J R & S V Howells,2018-09-12
H Route & Sons,2018-09-12
A C PUGH,2018-09-12
D & E OWEN & SONS,2018-09-12
MR R CORNFORTH,2018-09-12
M/s M & M & A Gaudie,2018-09-12
M/S J & D ROBERTSHAW & SON,2018-09-12
T/A: Longwood Farm,2018-09-12
T/A: DG & DH Jones,2018-09-12
T/A: S G and G H Jose,2018-09-13
T/A: Chagfarm CIC,2018-09-13
A & T James,2018-09-13
V Evans and Partners,2018-09-13
T/A: RST & SA Morgan,2018-09-13
J A & S R Payne,2018-09-13
PENNARD FARMS LTD,2018-09-13
Maxwell Pillar,2018-09-13
M S GREEN,2018-09-13
R W & J E JAMES,2018-09-13
"R, P & S MAIN",2018-09-13
J H M ATTWELL & SON,2018-09-13
PADDOCKS FARM LIMITED,2018-09-13
T/A: Radwood Hall Farm Limited,2018-09-13
V J Thomas & Son Ltd,2018-09-13
Mr & Mrs R E Lewis & Son,2018-09-13
P W MELLOR & SON,2018-09-13
A W POMEROY & SON,2018-09-13
MESSRS T J DANIEL,2018-09-13
M/S B T & I MOORE,2018-09-13
J FISHER & SON,2018-09-13
STANDON HOLSTEINS LTD,2018-09-14
E MOSLEY & SONS,2018-09-14
Mrs E Witter & Sons,2018-09-14
"J W, D E & J R C HOPLEY",2018-09-14
MESSRS D J WITTER & CO.,2018-09-14
C P & R Y GOODFELLOW,2018-09-14
"J D, A M & P J HALL",2018-09-14
T/A: R W Vernon and Partners,2018-09-14
EMYR LLOYD JONES,2018-09-15
S J Palmer,2018-09-16
ANTON T SMITH,2018-09-17
D A & E M CLEASBY,2018-09-17
T/A: DR & VA Lawrence,2018-09-17
"T/A: TS, CHT & NS Davis",2018-09-18
Mr R C Screech,2018-09-18
Cothi Valley Goats,2018-09-18
M J HICKS,2018-09-18
MRS M G & W L FRENCH,2018-09-18
APPLETON FARMS LTD,2018-09-18
A L BETTS LTD,2018-09-18
D A & L A CULLIMORE,2018-09-18
R W COLLISHAW,2018-09-18
P F & W Hill,2018-09-18
COPE ADDERLEY,2018-09-18
Lady House Farm Ltd,2018-09-18
Mrs M K Manford & Partners,2018-09-18
L E MILLER & SON,2018-09-18
M/S M J & J R DYER & SON,2018-09-18
D & J GOULD,2018-09-18
A F & R D TUCKER & SONS,2018-09-18
"D, G W & A E PARRY",2018-09-18
I M & MRS J JONES,2018-09-18
D R B Davies & Co.,2018-09-18
P CRABTREE & SONS,2018-09-18
J S WALTON & CO,2018-09-18
R E SNOWDON & SON,2018-09-18
D & S G JENKINS,2018-09-18
B J Lloyd & Co,2018-09-18
H J R & S V Howells,2018-09-19
E & MRS M E & D LLOYD,2018-09-19
Jenkins Ty Hen Limited,2018-09-19
MRS V STEVEN & SON,2018-09-19
V F PARKER & CO,2018-09-19
P C & G M WILLIAMS,2018-09-19
W P & N L DAVIES,2018-09-19
JOHN BAILEY & SONS,2018-09-19
D W & M BAILEY,2018-09-19
NALDRETT & PARTNERS,2018-09-19
G J & M Vigar-Smith,2018-09-19
G & E DIBBLE,2018-09-19
M & J HUSSEY,2018-09-19
Henry Yates,2018-09-19
R F GOODWIN & SON,2018-09-19
"W.D, R.D & B WALMSLEY",2018-09-19
DRINKALL BROS,2018-09-19
T & J M FAWCETT,2018-09-19
JANVIL DAIRY GOATS,2018-09-19
G D & M RODGERS & SONS,2018-09-19
P W & J M NORRIS & SON,2018-09-19
J C & M J Mayo & Son,2018-09-19
T/A: P L & K J Boam,2018-09-19
Chuckling Goat Ranch,2018-09-19
Mr William A E Fox,2018-09-19
T/A: M W J & S J Gould,2018-09-19
T/A: A G Staddon & Sons,2018-09-19
T/A: D W & J Smith,2018-09-19
T/A: Mileburne Charollais Ltd,2018-09-20
E S Burroughs and Sons,2018-09-20
MR M R LEE,2018-09-20
E C & A A & S A E Waters,2018-09-20
M F & J M BASS,2018-09-20
T C & D A MARTIN LTD,2018-09-20
C F S FOX & SON,2018-09-20
E R & MRS I P WARD,2018-09-20
C H & R J JORDAN & SON,2018-09-20
R W & J E JAMES,2018-09-20
R L Clapp & Sons (Cheesemakers) Ltd,2018-09-20
C G RAYMONT & PARTNERS,2018-09-21
C E & B D BAILEY,2018-09-21
W P & N L DAVIES,2018-09-21
T G ROBERTS A'I GWMNI,2018-09-21
E H ARDEN & SON,2018-09-21
M/S C T J TYTHCOTT & SON,2018-09-21
R W & R J Symons,2018-09-21
F A & L M Elworthy & Sons,2018-09-21
LANGBRIDGE FARM PARTNERSHIP,2018-09-21
D W BEVAN & SON,2018-09-21
E P & P A JENKIN,2018-09-21
D & C GIBSON,2018-09-21
EVETTS FARMS,2018-09-21
Cothi Valley Goats,2018-09-21
T/A: CS & JB Jones,2018-09-21
T/A: M J & D Needham & Son,2018-09-21
W J THOMAS & SON,2018-09-24
M/S F & E A ROSKILLY & SONS,2018-09-24
MESSRS A P & R E A RETTER,2018-09-24
MR E D HARTLE,2018-09-24
M/S D C SMITH & SONS,2018-09-24
D R B Davies & Co.,2018-09-24
D W JONES,2018-09-25
MISS J M DAY,2018-09-25
I J & S A Bell & Son,2018-09-25
JOHN C HAYWARD,2018-09-25
PALLINGHURST FARM PARTNERS,2018-09-25
T/A: MA & SL Reed,2018-09-25
MR C J LEE,2018-09-25
Clinton Devon Farm Partnership,2018-09-25
Hollings Hill Farm Limited,2018-09-25
"DA, NA, JM PARKHOUSE & AR OATEY",2018-09-25
T/A: J E and J Oakes,2018-09-25
Mr William A E Fox,2018-09-25
T/A; G P Broadsmith & Son,2018-09-25
T/A: DR & VA Lawrence,2018-09-26
R J Cookson,2018-09-26
MESSRS N W RUSSELL,2018-09-26
T/A: Thomas Stephenson,2018-09-26
MARGARET & STEPHEN GREEN,2018-09-26
R & A G GALBRAITH,2018-09-26
M/S S W & A HOGGARTH,2018-09-26
T/A: Carpenters Hill Farm,2018-09-26
P J IKIN,2018-09-26
A L BETTS LTD,2018-09-26
F R CHAVE & SON,2018-09-26
M/S G F & D V BUSSELL,2018-09-26
D C BARTLETT,2018-09-26
R S BETTERIDGE,2018-09-26
A W & J BRANDRETH & SON,2018-09-26
A C PUGH,2018-09-26
A & S H THOMAS,2018-09-26
M/S H DAVIES & SON,2018-09-26
M/S H DAVIES & SON,2018-09-26
D B M DAVIES,2018-09-26
D & S G JENKINS,2018-09-26
MR A MRS CA & MR DI JENKINS,2018-09-26
W A J Jones & Co,2018-09-26
Rees Bros.,2018-09-26
P MASSEY & SON,2018-09-27
S H & M A GLOVER,2018-09-27
R J & G M ASTON,2018-09-27
P A & K A PHILLIPS,2018-09-27
MRS P.A. WILLIAMS,2018-09-27
Philip Henry Bunney,2018-09-27
MR J A & MRS E A RETALLICK,2018-09-27
T/A: J W Tabor Limited,2018-09-27
T/A: Chase Farming Partnership,2018-09-27
MESSRS E & A E HARRISON,2018-09-27
BUCKABANK FARM LTD,2018-09-27
West Country Water Buffalo Limited,2018-09-27
T/A: Alex Wilson-North and Claire Wilson-North,2018-09-27
T/A: Lea Manor Farm,2018-09-28
LOWER BARTON FARMS LTD,2018-09-28
T/A: The Goat Shed Company,2018-09-28
R B & R D JONES,2018-09-28
C & S FITTON & SON,2018-09-28
CLAYDEN HOLSTEINS,2018-09-28
J D HETHERINGTON & SONS,2018-09-28
MESSRS CROWE,2018-09-28
R G & W Whitfield Ltd,2018-09-28
P R & J LAWLEY,2018-09-28
G & L BELFIELD & SON,2018-09-28
C W GIBSON,2018-09-28
T M HUGHES,2018-09-28
W R & A K Evans,2018-10-01
J C Evans,2018-10-01
I M & E S Richards,2018-10-01
D S H & A Davies,2018-10-01
H J M & Mrs B Price,2018-10-01
J R & J E WILLCOX & SON,2018-10-01
B M Harris & Partners,2018-10-01
D R & H M  HORSLEY,2018-10-01
ITONFIELD LTD,2018-10-01
S JACKSON & SONS,2018-10-01
M/S J J & M A PARK & SON,2018-10-01
J D WHARTON,2018-10-01
T/A: B R Fox,2018-10-01
Mr J W Phillips,2018-10-01
Peppercorn Farm,2018-10-01
G & J Yeomans,2018-10-01
Price Farms Ltd,2018-10-01
T/A J.A. Selway Limited,2018-10-01
T/A: Laurel Farm,2018-10-01
H. Attwell Ltd,2018-10-01
Ahimsa Dairy Foundation,2018-10-02
"T/A: TS, CHT & NS Davis",2018-10-02
T/A: J Hadwin & Son,2018-10-02
T/A: Mr Stephen Vickery,2018-10-02
T/A: J M & A E Wallbank & Sons,2018-10-02
OAK TREE COTTAGE,2018-10-02
S & H Persey Ltd,2018-10-02
MR S W & MRS N M JONES,2018-10-02
T/A: R Dallyn and Son,2018-10-02
MR R COWIN,2018-10-02
A K & B M ROBINSON & SON,2018-10-02
"K, S D & J A WARD",2018-10-02
T C Zeale & Son,2018-10-02
Lady House Farm Ltd,2018-10-02
D T & S J WILLIAMS,2018-10-02
Mr A E & Mr L E Morgan,2018-10-02
John Joseph Richards,2018-10-02
Mr W D & Mrs J E Bennett,2018-10-02
A W PARRY & SONS,2018-10-03
S ELLIS & SON,2018-10-03
I & M DAVIES & SON,2018-10-03
C W GIBSON,2018-10-03
E & W THRELFALL,2018-10-03
A G TROUGHTON & SON,2018-10-03
H L & T & C LYNE,2018-10-03
T G GWENNAP & SON,2018-10-03
J PEEL,2018-10-03
R T FORRESTER,2018-10-03
G R & R E Morgan,2018-10-04
NORSWORTHY DAIRY GOATS,2018-10-04
A J Jones & Son,2018-10-04
C Long & Son,2018-10-04
T/A: Mr Stephen Vickery,2018-10-04
F H & P J Bailey,2018-10-04
GM & HJ FERN,2018-10-04
C L G Wadman & J Wadman & Sons,2018-10-04
A F & R D TUCKER & SONS,2018-10-04
P & R E Kimber,2018-10-04
MR G J TIDESWELL,2018-10-04
L E MILLER & SON,2018-10-04
M/S M J & J R DYER & SON,2018-10-04
S G & G I & S J E Davies,2018-10-04
R & E STAFFORD,2018-10-04
M L & J A McNamara,2018-10-04
J A L James & Partners,2018-10-04
"T/A: JPH, EM & DHH Roberts",2018-10-04
V F PARKER & CO,2018-10-05
O L ROBERTS,2018-10-05
M J & M R POYNTON,2018-10-05
R J WEDD & SON,2018-10-05
TURNSTONE FARMING CO LTD,2018-10-05
P A & K A PHILLIPS,2018-10-05
T J WILSON & PARTNERS,2018-10-05
"M W, P R, P J & R J Lemmey",2018-10-05
MESSRS D T & G YOUNG,2018-10-05
MESSRS W & M MILLER,2018-10-05
R & A G GALBRAITH,2018-10-05
T/A: A J Kershaw & R J Inman,2018-10-05
Andrew D Thompson,2018-10-05
T/A: A & C L Gray,2018-10-05
James Mark Simpson,2018-10-05
EVETTS FARMS,2018-10-05
T/A: S J Cartright Ltd,2018-10-05
T/A: Graham Archbold,2018-10-08
T/A: Lordsland Partnership,2018-10-08
MESSRS HAYLLAR,2018-10-08
F & R Farms Limited,2018-10-08
MESSRS J HARRISON,2018-10-08
MR J H WHITTON,2018-10-08
T G GWENNAP & SON,2018-10-08
"SS, D, JA WATSON",2018-10-08
John Joseph Richards,2018-10-08
J A L James & Partners,2018-10-09
M L & J A McNamara,2018-10-09
R & E STAFFORD,2018-10-09
Mrs E J Griffiths & J C Lewis,2018-10-09
Mr T & A Jones,2018-10-09
J C LEES,2018-10-09
M/S M J & J R DYER & SON,2018-10-09
T/A: Hardwick Farms,2018-10-09
J & P W Puddephatt,2018-10-09
LYNCH FARM AND YELLOWFORD FARM,2018-10-09
C ROGERS,2018-10-09
J & A WILLCOCKS & SON,2018-10-09
T/A: G & A Adderson,2018-10-09
J H &  V J   TAYLOR,2018-10-09
S HALL,2018-10-09
J & M L CLARK,2018-10-09
T/A; G P Broadsmith & Son,2018-10-09
A & T James,2018-10-09
T/A H M & D P Vaughan & Sons,2018-10-09
T/A: CRT PIERREPONT FARM,2018-10-09
MESSRS N W RUSSELL,2018-10-09
T/A: P J & T FLETCHER,2018-10-09
T/A: AW Pomeroy & Son,2018-10-09
T/A: P T Hillard,2018-10-09
T/A: AGM & Co,2018-10-09
T/A: AGM & Co,2018-10-10
M/S J G THOMPSON & SONS,2018-10-10
T/A: Luke Timewell,2018-10-10
G E Smith,2018-10-10
MR C J LEE,2018-10-10
Clinton Devon Farm Partnership,2018-10-10
T/A: MA & SL Reed,2018-10-10
M/S J MAIDMENT,2018-10-10
T A & E J HARRISON & SON,2018-10-10
P C MALTBY,2018-10-10
J LL EDWARDS,2018-10-10
R P ROBERTS & SONS,2018-10-10
Jenkins Ty Hen Limited,2018-10-10
R A & MRS A W DAVIES,2018-10-10
H LL WILLIAMS & CO.,2018-10-10
N Shaw & Sons,2018-10-11
T/A: Delph House Farm,2018-10-11
C E LAKE,2018-10-11
M P MASON,2018-10-11
Heard Cattle Company,2018-10-11
H. Attwell Ltd,2018-10-11
O G NEAGLE,2018-10-11
T/A: Chase Farming Partnership,2018-10-11
J Hill Goats Ltd,2018-10-12
Stroud Micro Dairy Limited,2018-10-12
A & T James,2018-10-12
P R & J LAWLEY,2018-10-12
S R & K J KNIGHT,2018-10-12
K W W DYER & CO,2018-10-12
MESSRS G T FRANCIS & SON,2018-10-12
F D WRIGHT & SONS,2018-10-12
R G DREW & SONS,2018-10-12
Beaconhill Farm,2018-10-12
R C Dilks,2018-10-12
MESSRS W & M MILLER,2018-10-12
MESSRS D T & G YOUNG,2018-10-12
T G & K FISHER LTD,2018-10-12
A C TIMBURY,2018-10-12
"R J, B C & N W J Monies",2018-10-12
MESSRS WILLIAMSON,2018-10-15
MR J J GRAVES,2018-10-15
MESSRS STAMPER,2018-10-15
MESSRS T H HOLME,2018-10-15
R J LOWERY,2018-10-15
D B & H M Jenkins & Son,2018-10-15
D B & H M Jenkins & Son,2018-10-15
"Messrs K, M D, & A W Gower",2018-10-15
J V Phillips & Partners,2018-10-15
J N Strong,2018-10-15
Mrs H George & Sons,2018-10-15
J W & J Holland,2018-10-15
T/A  D A AND J L BENNION,2018-10-15
S & S FARMING SERVICES,2018-10-15
R & C BOWMAN,2018-10-15
N & C H GREGORY,2018-10-16
"D A, L A & C Tottle",2018-10-16
T/A: Peter Hill & Son,2018-10-16
KR & KA Hoare,2018-10-16
T/A: Graham Archbold,2018-10-16
T/A: J. B. Statton,2018-10-16
T/A: A M Duguid & Son,2018-10-16
J W & J Holland,2018-10-16
G E Bebb & Sons,2018-10-16
S F & J S A Habberfield,2018-10-16
P C & M C Gash,2018-10-16
Kevin Thomas,2018-10-16
J M & H C Roberts,2018-10-16
"T/A: George T Glanville, Elizabeth A Glanville & Dafydd J Glanville",2018-10-16
"L R, J M & P S BURDEN",2018-10-16
K H RILEY & SONS,2018-10-16
Messrs John & T J N Platt,2018-10-16
W F FARMS,2018-10-16
STEPHEN FURNIVAL,2018-10-16
T/A: Edgar and Son,2018-10-16
W G & R G RILEY,2018-10-16
N CROCKER,2018-10-16
D W & S C GILLBARD,2018-10-17
B J & C A ELLIS & SON,2018-10-17
T B Grey & Sons,2018-10-17
"J R, P M & D W Treleaven",2018-10-17
T/A: TC Alderson & Son,2018-10-17
M R & K M HUTCHINSON,2018-10-17
P & R E Kimber,2018-10-17
T/A: Hopewell Farm Foods,2018-10-17
T/A: K J Manley,2018-10-17
HG Witt and Son,2018-10-17
T/A: CRT PIERREPONT FARM,2018-10-17
Veldhouse Partnership,2018-10-17
R C & H M Lane,2018-10-17
E C & A A & S A E Waters,2018-10-18
J A & S R Payne,2018-10-18
T/A: TC & ER Jones,2018-10-18
T/A: The Goat Shed Company,2018-10-18
T/A: Mileburne Charollais Ltd,2018-10-18
J & S  HAMMOND,2018-10-18
J YOUNG & SONS,2018-10-18
Clinton Devon Farm Partnership,2018-10-18
HUTTON BROTHERS,2018-10-19
"R J, B C & N W J Monies",2018-10-19
JOHN B MOUNSEY,2018-10-19
T G & K FISHER LTD,2018-10-19
S HALL,2018-10-19
Templeman & Son,2018-10-19
R J Turner & Partners,2018-10-19
R J WEDD & SON,2018-10-19
P G Snell & Sons,2018-10-19
BILLOCKBY FARMS LTD,2018-10-19
"G P, E & G M LILLIE",2018-10-19
R SUMMERSON,2018-10-19
Mr T & A Jones,2018-10-19
D&P Evans,2018-10-19
"J D, A M & P J HALL",2018-10-19
E J Jones & Sons,2018-10-21
D B & H M Jenkins & Son,2018-10-22
M A THOMAS & SON,2018-10-22
JENKINS & REES CYF,2018-10-22
JENKINS & REES CYF,2018-10-22
S & S Wood,2018-10-22
"G P, E & G M LILLIE",2018-10-22
Hendy Farms Ltd,2018-10-22
D R & M Y Lewis & Son,2018-10-22
W J Jones & Co,2018-10-22
Mrs M K Manford & Partners,2018-10-22
STANDON HOLSTEINS LTD,2018-10-22
James Mark Simpson,2018-10-22
T/A: Oliver Hudson and Helen Hudson,2018-10-22
T/A: Thomas Stephenson,2018-10-22
T/A: Oliver Hudson and Helen Hudson,2018-10-23
T/A: J M & A E Wallbank & Sons,2018-10-23
T/A: FE & EM Murley and Sons,2018-10-23
J E John & Sons,2018-10-23
R & M Lougher & Sons,2018-10-23
T/A: W. O. J. Reed & Company Limited,2018-10-23
"M W, P R, P J & R J Lemmey",2018-10-23
J CORNISH & SONS,2018-10-23
J & P W Puddephatt,2018-10-23
J R NEWSHAM & SON,2018-10-23
J HOGGARTH & SONS,2018-10-23
M D CORNTHWAITE,2018-10-23
D W & R J Warren,2018-10-23
Mrs M K Manford & Partners,2018-10-23
G E Bebb & Sons,2018-10-23
D & N TAYLOR,2018-10-23
M D RAYMOND,2018-10-23
G S Davies & G M Davies & Sons,2018-10-23
Mrs E J Griffiths & J C Lewis,2018-10-23
MR J G BELLIS,2018-10-24
M R & W D HUGHES,2018-10-24
T/A: Hardwick Farms,2018-10-24
C G RAYMONT & PARTNERS,2018-10-24
OLD PLAW HATCH FARM LIMITED,2018-10-24
C W F HUGHES & SON,2018-10-24
W & P E GOSLING & SON LIMITED,2018-10-24
T/A: Edgar and Son,2018-10-24
E & W THRELFALL,2018-10-24
MR Mark Stevens,2018-10-24
C ROGERS,2018-10-24
C J A & L M CRIMP,2018-10-24
J D Hendy & Son,2018-10-24
S E J TAPP & SONS,2018-10-24
F R CHAVE & SON,2018-10-24
T/A: Mays Farm Ringmer,2018-10-24
T/A: AGM & Co,2018-10-24
R H WATKINS,2018-10-25
NORSWORTHY DAIRY GOATS,2018-10-25
Derek Burrough,2018-10-25
C E LAKE,2018-10-25
"J E, L M S & C Green",2018-10-25
Mr S R & Mrs D M Davies,2018-10-25
Mr A E & Mr L E Morgan,2018-10-25
S G & F G Davies,2018-10-26
T G ROBERTS A'I GWMNI,2018-10-26
T T & M WYNNE & SON,2018-10-26
N D GIBBS,2018-10-26
T/A: Radwood Hall Farm Limited,2018-10-26
R Mayer & Sons,2018-10-26
MR T P W Foster,2018-10-26
MESSRS T H HOLME,2018-10-26
J M & S M ADDISON,2018-10-26
J HODGSON & PARTNERS,2018-10-26
J & M L CLARK,2018-10-26
D R & H M  HORSLEY,2018-10-26
MARGARET & STEPHEN GREEN,2018-10-26
LOWER BARTON FARMS LTD,2018-10-26
T/A: R J & D J Clement,2018-10-26
Wayne T Jeffery,2018-10-29
W J & C C BOND,2018-10-29
OAK TREE COTTAGE,2018-10-29
James Mark Simpson,2018-10-29
MR & MRS S.J DUSTOW & SON,2018-10-29
MR J A & MRS E A RETALLICK,2018-10-29
E R & MRS I P WARD,2018-10-29
C M PHILLIPS,2018-10-29
M/S N R & S L OSBORNE,2018-10-29
Moo Moo Organic Dairy Farm Limited,2018-10-29
K A POOLE & SON,2018-10-29
BOYDELLS DAIRY FARM,2018-10-29
Messrs Cotton,2018-10-29
Garfield John Ltd,2018-10-29
A H Prichard & Son,2018-10-29
Garfield John Ltd,2018-10-29
"D J A, Mrs M S & R Phillips",2018-10-29
G R M SMITH,2018-10-29
J & P W Puddephatt,2018-10-30
J L & G J TWEDDLE,2018-10-30
"M W, P R, P J & R J Lemmey",2018-10-30
M/S H M MARTYN & CO.,2018-10-30
C C CLEAVE & SON,2018-10-30
R D & K J HARRIS,2018-10-30
P & A Cholwill,2018-10-30
EU & EV Godsell & Partners,2018-10-30
T H MACE & SONS,2018-10-30
T/A: Riddle Farm Partnership,2018-10-31
T/A: R W Vernon and Partners,2018-10-31
S A Ford & Partner,2018-10-31
M/S G A & G W STONE,2018-10-31
Mr M K J Reed & Son,2018-10-31
A H BROWN (HAYLING ISLAND) LTD,2018-10-31
Evans & Daughter,2018-10-31
THOMAS - GELLIGATROG,2018-10-31
H & A Williams,2018-10-31
E J & B M Thomas,2018-10-31
S T Jones & Co,2018-10-31
D I & C T Davies & Sons,2018-10-31
O M Davies & Sons Ltd,2018-10-31
"T/A: J H, A D & G H Morgan",2018-10-31
I & H L WILLIAMS,2018-10-31
The Goodwood Estate Company Ltd,2018-10-31
A R HALL & SONS,2018-11-01
"D J, M J & P W House",2018-11-01
M/S J C BROWN & SON,2018-11-01
"G, P & R SIMPSON",2018-11-01
D & I DYER,2018-11-01
MR A J & MRS E M PALMER,2018-11-01
T/A: Thuborough Farms Ltd,2018-11-01
H J GLESSING & SON,2018-11-01
T/A: Trenwood Farming Ltd,2018-11-01
T/A: Mileburne Charollais Ltd,2018-11-01
T/A: Farwood Barton Partnership Ltd,2018-11-01
T/A: E T Tomlinson & Son,2018-11-01
A J & L A Duthie & Son,2018-11-01
W N Waters & Sons,2018-11-01
T/A: The Suffolk Goat Cheese Company,2018-11-01
T/A: D & P Tiffin and Sons,2018-11-02
"T/A: JK, CM Davies & Sons",2018-11-02
R F & B A LARCOMBE,2018-11-02
HUTTON BROTHERS,2018-11-02
"G, S & A SHEARD",2018-11-02
G J CARTER,2018-11-02
J & D M GRAHAM,2018-11-02
MESSRS LITTLETON,2018-11-02
EMYR LLOYD JONES,2018-11-02
THOMAS - GELLIGATROG,2018-11-02
EDWARDS BROTHERS,2018-11-02
J SMITHSON,2018-11-05
D W & S C GILLBARD,2018-11-05
T/A: J & C Vanstone,2018-11-05
T/A: Devon Agricultural Contracting,2018-11-05
T/A: Bonsalls Mercaston,2018-11-05
R & C BOWMAN,2018-11-05
B & E A Phillips & Son,2018-11-06
T/A: CRT PIERREPONT FARM,2018-11-06
D & P THOMPSON,2018-11-06
C Long & Son,2018-11-06
Alex Heffron and Sam Heffron,2018-11-06
T/A: Chase Farming Partnership,2018-11-06
T/A: Mr & Mrs C J Bryant & Son,2018-11-06
"W G, S & J R Axford",2018-11-06
D C BARTLETT,2018-11-06
M/S G F & D V BUSSELL,2018-11-06
P C & MRS C G COX,2018-11-06
TURNSTONE FARMING CO LTD,2018-11-06
T/A: Edgar and Son,2018-11-06
T/A: W S BURROW & SON,2018-11-06
T/A: Parker's Agriculture,2018-11-06
"J R, P M & D W Treleaven",2018-11-06
T J & Mrs M Lloyd,2018-11-06
K W JENKINS & SONS,2018-11-06
R & E STAFFORD,2018-11-06
David Rees,2018-11-06
BRIAN HAIGH,2018-11-06
Hungersheath Farm Limited,2018-11-06
T/A: BARNOWL JERSEY STUD,2018-11-06
J R & J E WILLCOX & SON,2018-11-07
I H & F WALKER,2018-11-07
C W GIBSON,2018-11-07
MR A MAYER AND MRS H MAYER,2018-11-07
A & J MYERS & MR S MYERS,2018-11-07
MRS M PATEMAN,2018-11-07
E & G VAUGHAN,2018-11-07
MR D C DENNIS & SON,2018-11-07
M/S G FURNEAUX & SON,2018-11-07
B J & C A ELLIS & SON,2018-11-07
T/A: S. G. Taylor Partnership,2018-11-07
H. Attwell Ltd,2018-11-07
D&P Evans,2018-11-07
PENNARD FARMS LTD,2018-11-07
S G Davies & Sons,2018-11-08
P Kerley Contractor Ltd,2018-11-08
M/s S J W & E M Maynard & Son,2018-11-08
"M W, P R, P J & R J Lemmey",2018-11-08
T/A: Meggy Moo???s,2018-11-08
F H & P J Bailey,2018-11-08
B J & M E BATH,2018-11-08
D W & R J Warren,2018-11-08
MESSRS F P & S K GOODWIN,2018-11-08
MESSRS S J & C S GOODWIN,2018-11-08
Messrs Cotton,2018-11-08
R J Turner & Partners,2018-11-08
CRITCHLOW BROS,2018-11-09
D W & M BAILEY,2018-11-09
"B, RH & C HUGHES",2018-11-09
F M GOODWIN & CO,2018-11-09
J E  & P L DONALDSON,2018-11-09
J HODGSON & PARTNERS,2018-11-09
MR RICHARD LAWSON & SON,2018-11-09
MESSRS THRELKELD LTD,2018-11-09
W D S FARMING,2018-11-09
W C & M E GEORGE & SON,2018-11-09
T/A: Edward Mellor,2018-11-09
T/A: Oldford Farms Limited,2018-11-09
T/A: AGM & Co,2018-11-12
S & S FARMING SERVICES,2018-11-12
"D J A, Mrs M S & R Phillips",2018-11-12
H & A Williams,2018-11-12
Hendy Farms Ltd,2018-11-12
Evans & Daughter,2018-11-12
M/S L R & J A GALLON,2018-11-12
J K NATTRASS & SON,2018-11-12
R G & S M Whittall & Son,2018-11-12
J R WILKINSON & SON,2018-11-12
J A Thomas,2018-11-13
I M & C A Jones,2018-11-13
"D J, M J & P W House",2018-11-13
T/A: N & J MCLINTOCK,2018-11-13
T/A  D A AND J L BENNION,2018-11-13
GREY PARTNERSHIP,2018-11-13
W G & R G RILEY,2018-11-13
W J Watkins & Son Ltd,2018-11-13
M T BRAUNTON,2018-11-13
W J HOBBS & SONS,2018-11-13
B A & O M Parry,2018-11-13
M Morgan & Partners,2018-11-13
G H & C WOOFF,2018-11-13
Gofarm Ltd,2018-11-13
T/A: Brynkinalt Farming Limited,2018-11-14
T/A: J H Jones & Sons,2018-11-14
T/A: Combe Hay Mare's Milk,2018-11-14
R J & M A THELWELL,2018-11-14
DAVID REES FARMS,2018-11-14
A & A M BURROW,2018-11-14
C J DARE & SONS,2018-11-14
Derek Burrough,2018-11-14
M/S R C DYMOND & SONS,2018-11-14
Mr M K J Reed & Son,2018-11-14
DP & SJ BERRY,2018-11-14
THOMAS PARKINSON,2018-11-14
G DAVIES & SONS,2018-11-14
M W HILL,2018-11-14
O & H B PARRY & SONS,2018-11-14
I & L A BUXTON,2018-11-14
M/S J & D ROBERTSHAW & SON,2018-11-14
H.K. Hulme and Son,2018-11-14
J J Peters & Son,2018-11-15
"D J, K P & J N Davies",2018-11-15
T/A: WGK & CA Luke,2018-11-15
P ADAMS & SONS (FARMS) LTD,2018-11-15
J S MADDERS & SONS,2018-11-15
A W & C M BARROW,2018-11-15
S J Palmer,2018-11-15
J A & H E Lutner,2018-11-15
H HALHEAD & SON,2018-11-15
M/S E J & P D WHITE,2018-11-15
K A POOLE & SON,2018-11-15
T/A: A J Kershaw & R J Inman,2018-11-15
T/A: Oldford Farms Limited,2018-11-15
T/A: Riddle Farm Partnership,2018-11-15
P Kerley Contractor Ltd,2018-11-15
T/A: Richard Upton,2018-11-16
North Farm (Pawlett),2018-11-16
LOWER BARTON FARMS LTD,2018-11-16
T/A: Williams Ffordd Las,2018-11-16
MR J T JAMES,2018-11-16
M/S EILBECK & SON,2018-11-16
MESSRS A SUTTON,2018-11-16
S A Ford & Partner,2018-11-16
J T & C L BRIGHT,2018-11-16
G J BRAY & SONS,2018-11-16
WEBBLEY LTD,2018-11-16
J R WESTON,2018-11-16
HINTON FARM LTD,2018-11-16
A F & D M PHILLIPS,2018-11-16
W D Sykes & Partners,2018-11-19
T/A: D A Howie & Sons,2018-11-19
MESSRS M L & J M RICHARDSON & SONS,2018-11-19
R J Metherell,2018-11-19
MR N W FORFITT,2018-11-19
C & A Ley & Son,2018-11-19
R C EAMES & SON,2018-11-19
"G, S A M & M G HOPPER",2018-11-19
J C DAWE & SON,2018-11-19
Dallyn's Dairy Ltd,2018-11-20
A A DAVEY,2018-11-20
A T & C J DARCH & SON,2018-11-20
M G & J PARKER,2018-11-20
P J & M R STUART,2018-11-20
R BROWN & SONS,2018-11-20
R S BETTERIDGE,2018-11-20
P H & R M HOLDEN,2018-11-20
I M & C A Jones,2018-11-20
T/A: J & C Vanstone,2018-11-20
Emma's Dairy,2018-11-20
T/A: Devon Agricultural Contracting,2018-11-20
Tristan B Hocking,2018-11-20
T/A: H S Bourne,2018-11-20
R T & M Roberts,2018-11-21
T/A: Bonsalls Mercaston,2018-11-21
T/A: Sutton Hall Farms,2018-11-21
Hill Farm Dairy,2018-11-21
K J WITHERS,2018-11-21
T/A: CRT PIERREPONT FARM,2018-11-21
A T & P C Beynon & Sons,2018-11-21
D I & C T Davies & Sons,2018-11-21
L & L E & C parkes,2018-11-21
D & E OWEN & SONS,2018-11-21
R S HUGHES & SON,2018-11-21
MR J G BELLIS,2018-11-21
M/S D F PLAISTER & SON,2018-11-21
R L HARES & SONS,2018-11-21
A T & V J  Pratt,2018-11-21
R & B J & A M WOOLLACOTT,2018-11-21
R J V MCNAUGHER,2018-11-21
P C & S G THELWELL,2018-11-21
MESSRS S J & C S GOODWIN,2018-11-22
MESSRS F P & S K GOODWIN,2018-11-22
R J LOWERY,2018-11-22
MESSRS THRELKELD LTD,2018-11-22
J D Hendy & Son,2018-11-22
MR D C DENNIS & SON,2018-11-22
M/S G FURNEAUX & SON,2018-11-22
Raffe Dairy Ltd,2018-11-22
L T FOALE & SON,2018-11-22
F J & G T Hannam & Sons,2018-11-22
PARSONAGE FARM (DORSET) LTD,2018-11-22
David Rees & Son,2018-11-22
T/A: RP Granville & K J Granville,2018-11-22
D L & J M & H L Thomas,2018-11-22
D L & J M & H L Thomas,2018-11-22
S T & T L SMITH,2018-11-22
T/A: P H & D A Winter,2018-11-22
T/A: Polmarkyn Goats,2018-11-22
Halton Farms Ltd,2018-11-23
N & K A TUCKER,2018-11-23
D WYNNE FINCH,2018-11-23
MR S W & MRS N M JONES,2018-11-23
T/A: S. G. Taylor Partnership,2018-11-23
T/A J & G CLARK,2018-11-23
E R J ANGELL AND R J ANGELL,2018-11-23
Mr G M Hookway,2018-11-23
MESSRS GR & R PINGUEY,2018-11-23
C & A CROZIER,2018-11-23
J & S  HAMMOND,2018-11-23
N D GIBBS,2018-11-23
W D Sykes & Partners,2018-11-26
COLGROVE PARTNERSHIP,2018-11-26
J W & R I LEE,2018-11-26
E & D E HORN,2018-11-26
MR J H WHITTON,2018-11-26
MESSRS T H HOLME,2018-11-26
R & C BOWMAN,2018-11-26
MR J S & MRS G M WINTERTON,2018-11-27
PHR FARMS,2018-11-27
E W BODEN & SONS,2018-11-27
HOLLYPARK ORGANICS,2018-11-27
T A & E J HARRISON & SON,2018-11-28
M T  PARTINGTON,2018-11-28
J & M RIDING & SONS,2018-11-28
MESSRS SKELTON,2018-11-28
R H & I L & R E ROBERTS,2018-11-28
E S Willis Farms,2018-11-28
J R KNOWLES & SON,2018-11-28
CAMERON & SONS,2018-11-28
S WOODHOUSE & SON,2018-11-28
Mr G M Hookway,2018-11-28
B H & A E Worth,2018-11-28
MR R J NICHOLSON,2018-11-28
G E Smith,2018-11-28
MESSRS A SUTTON,2018-11-28
J M BRINDLEY & PARTNERS,2018-11-28
Mr William A E Fox,2018-11-28
T/A: Wildcroft Rare Breeds,2018-11-28
T/A: Grass Converters Limited,2018-11-28
T/A: Greenheath Farming Company Limited,2018-11-28
T/A: R C Dymond & Sons,2018-11-29
T/A: Houghton Organic Farm,2018-11-29
S & H Persey Ltd,2018-11-29
Latham Partners,2018-11-29
W N Waters & Sons,2018-11-29
A J & L A Duthie & Son,2018-11-29
J A & S R Payne,2018-11-29
J W & R I LEE,2018-11-29
COLGROVE PARTNERSHIP,2018-11-29
R & B J & A M WOOLLACOTT,2018-11-29
I. R. T. S. Verney,2018-11-29
R H P T COFFIN & SON,2018-11-29
C J DARE & SONS,2018-11-29
A T & V J  Pratt,2018-11-29
K W JENKINS & SONS,2018-11-29
M/S D F PLAISTER & SON,2018-11-29
"W G, G H & M BROOKES",2018-11-30
A W & C M BARROW,2018-11-30
C L HEARD & SON,2018-11-30
R J JAMES & SON,2018-11-30
Mr G S Emmett & Mrs S M Emmett,2018-11-30
W C & M E GEORGE & SON,2018-11-30
F H & P J Bailey,2018-11-30
C R CARDELL,2018-11-30
M T BRAUNTON,2018-11-30
"J T, M A & J P LAKIN",2018-11-30
SIMON BRIAN VAUGHAN,2018-11-30
J & D M GRAHAM,2018-11-30
M/S F R THRELKELD & SON,2018-11-30
MR J T JAMES,2018-11-30
T/A: ARP Contract,2018-11-30
S G & F G Davies,2018-12-01
A T & P C Beynon & Sons,2018-12-03
MESSRS STAMPER,2018-12-03
MR J J GRAVES,2018-12-03
T A WILLS,2018-12-03
J M & S M ADDISON,2018-12-03
T/A: RST & SA Morgan,2018-12-03
Askham Bryan College Company Ltd,2018-12-03
T/A: WDI & G Gibbon,2018-12-03
Beckbury Farm,2018-12-03
Latham Partners,2018-12-03
N & K A TUCKER,2018-12-03
R & C BOWMAN,2018-12-03
C T C Ley Ltd,2018-12-03
"J H, C A & W L Phillips",2018-12-03
K & S Powell,2018-12-04
D R & K J Williams,2018-12-04
W E Dowds Ltd,2018-12-04
A R Edwards & Son,2018-12-04
W C & W R MARTIN,2018-12-04
T G GWENNAP & SON,2018-12-04
"D J A, Mrs M S & R Phillips",2018-12-04
H & A Williams,2018-12-04
W H & E S Williams,2018-12-04
R INMAN & SONS,2018-12-04
J Meddins & Co,2018-12-04
P C MALTBY,2018-12-04
G DAVIES & SONS,2018-12-04
J & D Tilbee,2018-12-05
D W JONES,2018-12-05
R D ROBERTS & SON,2018-12-05
I & H L WILLIAMS,2018-12-05
T M HUGHES,2018-12-05
R P ROBERTS & SONS,2018-12-05
Ireosa Ltd,2018-12-05
T/A: JH & PJ Turner,2018-12-05
Mrs S.M. Darke and Mr Tom Darke,2018-12-05
D Cornish & Sons,2018-12-05
M B DAVEY,2018-12-05
M/S G FURNEAUX & SON,2018-12-05
Maxwell Pillar,2018-12-05
PENNARD FARMS LTD,2018-12-05
REG AS: Garnett Farms Enginneering Limited,2018-12-06
T/A: Pomeroy Rare Breeds Farm,2018-12-06
T/A: J. B. Statton,2018-12-06
C & A Ley & Son,2018-12-06
Dallyn's Dairy Ltd,2018-12-06
DP & SJ BERRY,2018-12-06
THOMAS PARKINSON,2018-12-06
M T BRAUNTON,2018-12-06
MISS B A LAKE,2018-12-06
David C M Andrew & Son,2018-12-06
R G & S M Whittall & Son,2018-12-06
ANDREW R WIGLEY & PTNRS,2018-12-06
C W GIBSON,2018-12-06
Reg as: THE WELBECK ESTATE CO LTD,2018-12-07
Jon Appleby and Joy Appleby,2018-12-07
R C EAMES & SON,2018-12-07
P C & S G THELWELL,2018-12-07
J & J MESSENGER,2018-12-07
M/S J PAISLEY & SONS,2018-12-07
E R J ANGELL AND R J ANGELL,2018-12-07
T/A: MP Crudge & L M Shere,2018-12-07
T/A: The Calf at Foot Dairy,2018-12-07
A & R STEEL,2018-12-10
D Woosnam,2018-12-10
T/A: B J Layton & Co,2018-12-10
I. R. T. S. Verney,2018-12-10
M W BROWN,2018-12-10
RM & MW Squire,2018-12-10
T & S & M OAKES,2018-12-10
J C BAINBRIDGE & SONS,2018-12-10
M & K CHIPPENDALE,2018-12-10
Henry Yates,2018-12-10
Walford & North Shropshire College,2018-12-10
SEYMOUR SMITH & SONS LTD,2018-12-10
A W & J BRANDRETH & SON,2018-12-11
"W G, G H & M BROOKES",2018-12-11
T/A: W DALE & SONS,2018-12-11
C W GIBSON,2018-12-11
R M G & R G SALTER,2018-12-11
P T Bale & Sons,2018-12-11
R P SAINSBURY & SONS LTD,2018-12-11
L A M SMITH & SONS  LIMITED,2018-12-11
MESSRS A JONES & SONS,2018-12-11
D B & MRS D R JONES,2018-12-11
T/A: JH & PJ Turner,2018-12-11
"R J, G M & A J Tucker",2018-12-11
J & S W Murch,2018-12-11
M W & S E WOOLDRIDGE,2018-12-11
M C & L M Pincombe Ltd,2018-12-11
Gofarm Ltd,2018-12-11
C Long & Son,2018-12-11
Christine Page,2018-12-11
"T/A: Michael, Carol, Dorothy & George Cope",2018-12-11
T/A: Bonsalls Mercaston,2018-12-11
T/A: Plainspot Farm,2018-12-12
GREYS MILKING SHEEP CO.,2018-12-12
MONARCH FARMS,2018-12-12
R A & S A REED,2018-12-12
S P & D Buckland,2018-12-12
D H WILLES & SON,2018-12-12
M E & I E VANSTONE & SONS,2018-12-12
M N SHERE,2018-12-12
M/S R C DYMOND & SONS,2018-12-12
S WOODHOUSE & SON,2018-12-12
PHR FARMS,2018-12-12
W G & R G RILEY,2018-12-12
H HALHEAD & SON,2018-12-12
H & C COWGILL & SONS,2018-12-12
MR R J NICHOLSON,2018-12-12
REASEHEATH COLLEGE,2018-12-12
R J & M A THELWELL,2018-12-12
J & A SPIERINGS,2018-12-12
EDWARDS BROTHERS,2018-12-12
E A & H F ROGERS,2018-12-12
Mr T & A Jones,2018-12-12
C R BARNETT,2018-12-12
"I, M & G INGMAN",2018-12-12
A & J MYERS & MR S MYERS,2018-12-12
D J & J KEEDWELL,2018-12-12
M/S ALVIS BROS LTD,2018-12-12
M/S G & N MARSHALL & SONS,2018-12-12
J & D Tilbee,2018-12-12
R Mayer & Sons,2018-12-12
PEMBERTON'S DAIRIES,2018-12-13
J & S W Murch,2018-12-13
Velcourt Limited,2018-12-13
M W; D M; DJ & L J Grigg,2018-12-14
E C Bowen & Partners,2018-12-14
John G George,2018-12-14
Hedden & Sons,2018-12-14
M J Frampton & Sons,2018-12-14
D T & V J PYLE,2018-12-14
E W BODEN & SONS,2018-12-14
LITTLE NEASHAM FARMS,2018-12-14
M C & A ELLIOTT,2018-12-14
R M TODD,2018-12-14
T/A: M & B Humphry,2018-12-14
LE MARCHANT FARMS LTD,2018-12-14
P. I. R. SALES,2018-12-14
EDE & SON,2018-12-14
HW & SW JONES,2018-12-14
R P & G R WILLIAMS,2018-12-14
R & A L POTTER & SON,2018-12-17
H & A Williams,2018-12-17
Davies Penlan,2018-12-17
"W J, A M & D T A Davies",2018-12-17
MR J FINDLAY & MR R J JACKSON,2018-12-17
MR J H WHITTON,2018-12-17
MESSRS A TIFFIN & SON,2018-12-17
H & E M HUNTER & SON,2018-12-17
"C, N, & P PENK",2018-12-17
T/A: W G & G Roberts,2018-12-17
P T & S T Rodenhurst,2018-12-18
A R Edwards & Son,2018-12-18
Price & Co. Farming Ltd,2018-12-18
P J & M R STUART,2018-12-18
PEMBERTON'S DAIRIES,2018-12-18
T G GWENNAP & SON,2018-12-18
D & P ALLEN,2018-12-18
T/A: M & B Humphry,2018-12-19
Walford & North Shropshire College,2018-12-19
Williams PFA,2018-12-19
A E ROSS & SON,2018-12-19
O & H B PARRY & SONS,2018-12-19
WM & WA Jones,2018-12-19
E W & J A ROBERTS & SONS,2018-12-19
T T & M WYNNE & SON,2018-12-19
BELLIS BROTHERS,2018-12-19
F D WRIGHT & SONS,2018-12-19
SIMON BRIAN VAUGHAN,2018-12-19
T/A: L V & D F Dakin & Partners,2018-12-19
W J NADIN & CO,2018-12-19
T/A: JH & PJ Turner,2018-12-19
M W & S E WOOLDRIDGE,2018-12-19
RM & MW Squire,2018-12-19
Dallyn's Dairy Ltd,2018-12-19
T/A: M H Richardson,2018-12-19
B A & O M Parry,2018-12-20
D H WILLES & SON,2018-12-20
M B DAVEY,2018-12-20
LOVETTSWOOD FARM LIMITED,2018-12-20
C R CARDELL,2018-12-20
G J CARTER,2018-12-20
ANDREW R WIGLEY & PTNRS,2018-12-20
R J George & B J George,2018-12-20
Fen Farm Dairy Limited,2018-12-20
PETER THOMAS,2018-12-20
P C & V KENNY FARMING,2018-12-20
BILLOCKBY FARMS LTD,2018-12-20
W G BROWN & SONS,2018-12-21
PETER SHARP & SON,2018-12-21
MR R B ASKEW,2018-12-21
MR R A BOOTH & SONS,2018-12-21
"T/A: J H, A D & G H Morgan",2018-12-21
D & J ARMSTRONG,2018-12-21
"J T, M A & J P LAKIN",2018-12-21
J G VEVERS,2018-12-21
R M TODD,2018-12-21
MESSRS W E & D M HILL & SON,2018-12-21
Ruddle Court Farm,2018-12-21
P T & S T Rodenhurst,2018-12-21
T/A: GOLDEN VALLEY GOATS LTD,2018-12-21
T/A: Houghton Organic Farm,2018-12-21
E D & R E Roberts,2018-12-24
G H Blakeman,2018-12-28
J R Hockenhull & Sons,2018-12-28
T/A: D W & J Smith,2018-12-28
